HORA PARTIDA REAL,EMPRESA AEREA,total_voos
05:43:00,GOL LINHAS AEREAS,1
05:44:00,GOL LINHAS AEREAS,1
05:46:00,GOL LINHAS AEREAS,2
05:47:00,GOL LINHAS AEREAS,2
05:48:00,GOL LINHAS AEREAS,2
05:49:00,GOL LINHAS AEREAS,1
05:50:00,GOL LINHAS AEREAS,2
05:51:00,GOL LINHAS AEREAS,2
05:52:00,GOL LINHAS AEREAS,3
05:53:00,GOL LINHAS AEREAS,4
05:54:00,GOL LINHAS AEREAS,7
05:55:00,AZUL LINHAS AEREAS,1
05:55:00,GOL LINHAS AEREAS,7
05:56:00,GOL LINHAS AEREAS,7
05:57:00,GOL LINHAS AEREAS,8
05:58:00,GOL LINHAS AEREAS,6
05:59:00,GOL LINHAS AEREAS,4
06:00:00,AZUL LINHAS AEREAS,2
06:00:00,GOL LINHAS AEREAS,6
06:01:00,AZUL LINHAS AEREAS,1
06:01:00,GOL LINHAS AEREAS,2
06:03:00,AZUL LINHAS AEREAS,1
06:03:00,LATAM AIRLINES (TAM),3
06:04:00,AZUL LINHAS AEREAS,2
06:04:00,GOL LINHAS AEREAS,1
06:05:00,AZUL LINHAS AEREAS,3
06:05:00,GOL LINHAS AEREAS,7
06:05:00,LATAM AIRLINES (TAM),3
06:06:00,AZUL LINHAS AEREAS,9
06:06:00,GOL LINHAS AEREAS,4
06:06:00,LATAM AIRLINES (TAM),2
06:07:00,AZUL LINHAS AEREAS,10
06:07:00,GOL LINHAS AEREAS,3
06:07:00,LATAM AIRLINES (TAM),4
06:08:00,AZUL LINHAS AEREAS,7
06:08:00,GOL LINHAS AEREAS,7
06:08:00,LATAM AIRLINES (TAM),7
06:09:00,AZUL LINHAS AEREAS,9
06:09:00,GOL LINHAS AEREAS,5
06:09:00,LATAM AIRLINES (TAM),13
06:10:00,AZUL LINHAS AEREAS,10
06:10:00,GOL LINHAS AEREAS,7
06:10:00,LATAM AIRLINES (TAM),13
06:11:00,AZUL CONECTA LTDA,1
06:11:00,AZUL LINHAS AEREAS,9
06:11:00,GOL LINHAS AEREAS,3
06:11:00,LATAM AIRLINES (TAM),12
06:12:00,AZUL CONECTA LTDA,2
06:12:00,AZUL LINHAS AEREAS,10
06:12:00,GOL LINHAS AEREAS,12
06:12:00,LATAM AIRLINES (TAM),12
06:13:00,AZUL CONECTA LTDA,1
06:13:00,AZUL LINHAS AEREAS,6
06:13:00,GOL LINHAS AEREAS,7
06:13:00,LATAM AIRLINES (TAM),14
06:14:00,AZUL CONECTA LTDA,4
06:14:00,AZUL LINHAS AEREAS,4
06:14:00,GOL LINHAS AEREAS,12
06:14:00,LATAM AIRLINES (TAM),17
06:15:00,AZUL CONECTA LTDA,16
06:15:00,AZUL LINHAS AEREAS,3
06:15:00,GOL LINHAS AEREAS,10
06:15:00,LATAM AIRLINES (TAM),8
06:16:00,AZUL CONECTA LTDA,4
06:16:00,AZUL LINHAS AEREAS,3
06:16:00,GOL LINHAS AEREAS,6
06:16:00,LATAM AIRLINES (TAM),7
06:17:00,AZUL CONECTA LTDA,12
06:17:00,AZUL LINHAS AEREAS,5
06:17:00,GOL LINHAS AEREAS,8
06:17:00,LATAM AIRLINES (TAM),7
06:18:00,AZUL CONECTA LTDA,11
06:18:00,AZUL LINHAS AEREAS,2
06:18:00,GOL LINHAS AEREAS,8
06:18:00,LATAM AIRLINES (TAM),7
06:19:00,AZUL CONECTA LTDA,9
06:19:00,AZUL LINHAS AEREAS,2
06:19:00,GOL LINHAS AEREAS,5
06:19:00,LATAM AIRLINES (TAM),4
06:20:00,AZUL CONECTA LTDA,21
06:20:00,AZUL LINHAS AEREAS,2
06:20:00,GOL LINHAS AEREAS,8
06:20:00,LATAM AIRLINES (TAM),7
06:21:00,AZUL CONECTA LTDA,4
06:21:00,AZUL LINHAS AEREAS,2
06:21:00,GOL LINHAS AEREAS,2
06:21:00,LATAM AIRLINES (TAM),4
06:22:00,AZUL CONECTA LTDA,7
06:22:00,AZUL LINHAS AEREAS,1
06:22:00,GOL LINHAS AEREAS,4
06:22:00,LATAM AIRLINES (TAM),3
06:23:00,AZUL CONECTA LTDA,11
06:23:00,AZUL LINHAS AEREAS,2
06:23:00,GOL LINHAS AEREAS,1
06:23:00,LATAM AIRLINES (TAM),3
06:24:00,AZUL CONECTA LTDA,7
06:24:00,AZUL LINHAS AEREAS,2
06:24:00,GOL LINHAS AEREAS,5
06:24:00,LATAM AIRLINES (TAM),5
06:25:00,AZUL CONECTA LTDA,12
06:25:00,AZUL LINHAS AEREAS,4
06:25:00,GOL LINHAS AEREAS,2
06:25:00,LATAM AIRLINES (TAM),2
06:26:00,AZUL CONECTA LTDA,2
06:26:00,AZUL LINHAS AEREAS,3
06:26:00,GOL LINHAS AEREAS,3
06:27:00,AZUL CONECTA LTDA,1
06:27:00,AZUL LINHAS AEREAS,1
06:27:00,GOL LINHAS AEREAS,2
06:27:00,LATAM AIRLINES (TAM),2
06:28:00,AZUL CONECTA LTDA,2
06:28:00,AZUL LINHAS AEREAS,2
06:28:00,GOL LINHAS AEREAS,2
06:28:00,LATAM AIRLINES (TAM),1
06:29:00,GOL LINHAS AEREAS,2
06:29:00,LATAM AIRLINES (TAM),1
06:30:00,AZUL CONECTA LTDA,4
06:30:00,AZUL LINHAS AEREAS,1
06:30:00,GOL LINHAS AEREAS,4
06:31:00,AZUL LINHAS AEREAS,1
06:31:00,GOL LINHAS AEREAS,6
06:31:00,LATAM AIRLINES (TAM),1
06:32:00,AZUL LINHAS AEREAS,2
06:32:00,GOL LINHAS AEREAS,8
06:32:00,LATAM AIRLINES (TAM),3
06:33:00,AZUL LINHAS AEREAS,2
06:33:00,GOL LINHAS AEREAS,4
06:34:00,AZUL CONECTA LTDA,1
06:34:00,GOL LINHAS AEREAS,11
06:35:00,AZUL LINHAS AEREAS,3
06:35:00,GOL LINHAS AEREAS,12
06:35:00,LATAM AIRLINES (TAM),4
06:36:00,AZUL LINHAS AEREAS,1
06:36:00,GOL LINHAS AEREAS,11
06:36:00,LATAM AIRLINES (TAM),3
06:37:00,AZUL LINHAS AEREAS,1
06:37:00,GOL LINHAS AEREAS,15
06:37:00,LATAM AIRLINES (TAM),6
06:38:00,AZUL CONECTA LTDA,1
06:38:00,AZUL LINHAS AEREAS,1
06:38:00,GOL LINHAS AEREAS,12
06:38:00,LATAM AIRLINES (TAM),8
06:39:00,AZUL LINHAS AEREAS,2
06:39:00,GOL LINHAS AEREAS,12
06:39:00,LATAM AIRLINES (TAM),6
06:40:00,AZUL LINHAS AEREAS,6
06:40:00,GOL LINHAS AEREAS,15
06:40:00,LATAM AIRLINES (TAM),10
06:41:00,AZUL LINHAS AEREAS,3
06:41:00,GOL LINHAS AEREAS,15
06:41:00,LATAM AIRLINES (TAM),9
06:42:00,AZUL CONECTA LTDA,1
06:42:00,AZUL LINHAS AEREAS,4
06:42:00,GOL LINHAS AEREAS,11
06:42:00,LATAM AIRLINES (TAM),12
06:43:00,AZUL LINHAS AEREAS,2
06:43:00,GOL LINHAS AEREAS,10
06:43:00,LATAM AIRLINES (TAM),4
06:44:00,GOL LINHAS AEREAS,7
06:44:00,LATAM AIRLINES (TAM),8
06:45:00,AZUL CONECTA LTDA,2
06:45:00,AZUL LINHAS AEREAS,2
06:45:00,GOL LINHAS AEREAS,11
06:45:00,LATAM AIRLINES (TAM),11
06:46:00,AZUL LINHAS AEREAS,1
06:46:00,GOL LINHAS AEREAS,7
06:46:00,LATAM AIRLINES (TAM),6
06:47:00,AZUL LINHAS AEREAS,1
06:47:00,GOL LINHAS AEREAS,5
06:47:00,LATAM AIRLINES (TAM),2
06:48:00,GOL LINHAS AEREAS,4
06:48:00,LATAM AIRLINES (TAM),3
06:49:00,AZUL CONECTA LTDA,1
06:49:00,AZUL LINHAS AEREAS,2
06:49:00,GOL LINHAS AEREAS,7
06:49:00,LATAM AIRLINES (TAM),5
06:50:00,AZUL CONECTA LTDA,1
06:50:00,AZUL LINHAS AEREAS,1
06:50:00,GOL LINHAS AEREAS,11
06:50:00,LATAM AIRLINES (TAM),7
06:51:00,AZUL LINHAS AEREAS,4
06:51:00,GOL LINHAS AEREAS,10
06:51:00,LATAM AIRLINES (TAM),2
06:52:00,AZUL LINHAS AEREAS,3
06:52:00,GOL LINHAS AEREAS,8
06:52:00,LATAM AIRLINES (TAM),3
06:53:00,AZUL LINHAS AEREAS,4
06:53:00,GOL LINHAS AEREAS,11
06:53:00,LATAM AIRLINES (TAM),1
06:54:00,AZUL CONECTA LTDA,1
06:54:00,AZUL LINHAS AEREAS,3
06:54:00,GOL LINHAS AEREAS,14
06:54:00,LATAM AIRLINES (TAM),5
06:55:00,AZUL CONECTA LTDA,1
06:55:00,AZUL LINHAS AEREAS,5
06:55:00,GOL LINHAS AEREAS,10
06:55:00,LATAM AIRLINES (TAM),8
06:56:00,AZUL CONECTA LTDA,1
06:56:00,GOL LINHAS AEREAS,11
06:56:00,LATAM AIRLINES (TAM),8
06:57:00,AZUL CONECTA LTDA,1
06:57:00,AZUL LINHAS AEREAS,2
06:57:00,GOL LINHAS AEREAS,8
06:57:00,LATAM AIRLINES (TAM),8
06:58:00,AZUL CONECTA LTDA,1
06:58:00,AZUL LINHAS AEREAS,2
06:58:00,GOL LINHAS AEREAS,12
06:58:00,LATAM AIRLINES (TAM),4
06:59:00,AZUL LINHAS AEREAS,2
06:59:00,GOL LINHAS AEREAS,4
06:59:00,LATAM AIRLINES (TAM),4
07:00:00,AZUL CONECTA LTDA,1
07:00:00,GOL LINHAS AEREAS,13
07:00:00,LATAM AIRLINES (TAM),7
07:01:00,AZUL LINHAS AEREAS,3
07:01:00,GOL LINHAS AEREAS,2
07:01:00,LATAM AIRLINES (TAM),2
07:02:00,GOL LINHAS AEREAS,2
07:02:00,LATAM AIRLINES (TAM),1
07:03:00,GOL LINHAS AEREAS,5
07:03:00,LATAM AIRLINES (TAM),7
07:04:00,GOL LINHAS AEREAS,4
07:04:00,LATAM AIRLINES (TAM),3
07:05:00,AZUL CONECTA LTDA,1
07:05:00,AZUL LINHAS AEREAS,1
07:05:00,GOL LINHAS AEREAS,3
07:05:00,LATAM AIRLINES (TAM),6
07:06:00,GOL LINHAS AEREAS,2
07:06:00,LATAM AIRLINES (TAM),11
07:07:00,GOL LINHAS AEREAS,1
07:07:00,LATAM AIRLINES (TAM),14
07:08:00,LATAM AIRLINES (TAM),7
07:09:00,GOL LINHAS AEREAS,2
07:09:00,LATAM AIRLINES (TAM),12
07:10:00,GOL LINHAS AEREAS,1
07:10:00,LATAM AIRLINES (TAM),10
07:11:00,GOL LINHAS AEREAS,4
07:11:00,LATAM AIRLINES (TAM),11
07:12:00,AZUL LINHAS AEREAS,1
07:12:00,GOL LINHAS AEREAS,1
07:12:00,LATAM AIRLINES (TAM),13
07:13:00,AZUL LINHAS AEREAS,1
07:13:00,GOL LINHAS AEREAS,1
07:13:00,LATAM AIRLINES (TAM),12
07:14:00,GOL LINHAS AEREAS,4
07:14:00,LATAM AIRLINES (TAM),11
07:15:00,AZUL LINHAS AEREAS,1
07:15:00,GOL LINHAS AEREAS,10
07:15:00,LATAM AIRLINES (TAM),8
07:16:00,AZUL CONECTA LTDA,1
07:16:00,GOL LINHAS AEREAS,7
07:16:00,LATAM AIRLINES (TAM),8
07:17:00,GOL LINHAS AEREAS,3
07:17:00,LATAM AIRLINES (TAM),11
07:18:00,GOL LINHAS AEREAS,7
07:18:00,LATAM AIRLINES (TAM),5
07:19:00,GOL LINHAS AEREAS,5
07:19:00,LATAM AIRLINES (TAM),5
07:20:00,GOL LINHAS AEREAS,8
07:20:00,LATAM AIRLINES (TAM),6
07:21:00,GOL LINHAS AEREAS,12
07:21:00,LATAM AIRLINES (TAM),2
07:22:00,GOL LINHAS AEREAS,16
07:22:00,LATAM AIRLINES (TAM),4
07:23:00,GOL LINHAS AEREAS,11
07:23:00,LATAM AIRLINES (TAM),2
07:24:00,GOL LINHAS AEREAS,11
07:24:00,LATAM AIRLINES (TAM),4
07:25:00,GOL LINHAS AEREAS,16
07:26:00,GOL LINHAS AEREAS,9
07:26:00,LATAM AIRLINES (TAM),1
07:27:00,GOL LINHAS AEREAS,12
07:27:00,LATAM AIRLINES (TAM),2
07:28:00,GOL LINHAS AEREAS,8
07:29:00,GOL LINHAS AEREAS,9
07:30:00,GOL LINHAS AEREAS,8
07:31:00,GOL LINHAS AEREAS,4
07:31:00,LATAM AIRLINES (TAM),1
07:32:00,AZUL LINHAS AEREAS,1
07:32:00,GOL LINHAS AEREAS,6
07:32:00,LATAM AIRLINES (TAM),1
07:33:00,GOL LINHAS AEREAS,2
07:33:00,LATAM AIRLINES (TAM),4
07:34:00,GOL LINHAS AEREAS,4
07:34:00,LATAM AIRLINES (TAM),3
07:35:00,GOL LINHAS AEREAS,2
07:35:00,LATAM AIRLINES (TAM),3
07:36:00,GOL LINHAS AEREAS,4
07:36:00,LATAM AIRLINES (TAM),5
07:37:00,AZUL CONECTA LTDA,1
07:37:00,GOL LINHAS AEREAS,4
07:37:00,LATAM AIRLINES (TAM),3
07:38:00,GOL LINHAS AEREAS,7
07:38:00,LATAM AIRLINES (TAM),3
07:39:00,LATAM AIRLINES (TAM),1
07:40:00,GOL LINHAS AEREAS,1
07:40:00,LATAM AIRLINES (TAM),4
07:41:00,GOL LINHAS AEREAS,4
07:41:00,LATAM AIRLINES (TAM),3
07:42:00,GOL LINHAS AEREAS,5
07:42:00,LATAM AIRLINES (TAM),2
07:43:00,GOL LINHAS AEREAS,3
07:43:00,LATAM AIRLINES (TAM),1
07:44:00,GOL LINHAS AEREAS,2
07:44:00,LATAM AIRLINES (TAM),3
07:45:00,GOL LINHAS AEREAS,3
07:45:00,LATAM AIRLINES (TAM),1
07:46:00,GOL LINHAS AEREAS,2
07:47:00,GOL LINHAS AEREAS,1
07:48:00,GOL LINHAS AEREAS,2
07:48:00,LATAM AIRLINES (TAM),1
07:49:00,GOL LINHAS AEREAS,5
07:50:00,GOL LINHAS AEREAS,3
07:50:00,LATAM AIRLINES (TAM),1
07:51:00,AZUL LINHAS AEREAS,1
07:51:00,GOL LINHAS AEREAS,4
07:51:00,LATAM AIRLINES (TAM),1
07:52:00,AZUL LINHAS AEREAS,2
07:52:00,GOL LINHAS AEREAS,9
07:52:00,LATAM AIRLINES (TAM),1
07:53:00,GOL LINHAS AEREAS,2
07:54:00,AZUL CONECTA LTDA,1
07:54:00,GOL LINHAS AEREAS,7
07:55:00,GOL LINHAS AEREAS,14
07:55:00,LATAM AIRLINES (TAM),2
07:56:00,GOL LINHAS AEREAS,11
07:57:00,GOL LINHAS AEREAS,3
07:57:00,LATAM AIRLINES (TAM),1
07:58:00,AZUL LINHAS AEREAS,3
07:58:00,GOL LINHAS AEREAS,12
07:59:00,GOL LINHAS AEREAS,16
08:00:00,GOL LINHAS AEREAS,13
08:01:00,GOL LINHAS AEREAS,6
08:01:00,LATAM AIRLINES (TAM),1
08:02:00,GOL LINHAS AEREAS,2
08:02:00,LATAM AIRLINES (TAM),3
08:03:00,GOL LINHAS AEREAS,3
08:03:00,LATAM AIRLINES (TAM),4
08:04:00,GOL LINHAS AEREAS,6
08:04:00,LATAM AIRLINES (TAM),1
08:05:00,GOL LINHAS AEREAS,6
08:05:00,LATAM AIRLINES (TAM),3
08:06:00,GOL LINHAS AEREAS,6
08:06:00,LATAM AIRLINES (TAM),6
08:07:00,AZUL LINHAS AEREAS,1
08:07:00,GOL LINHAS AEREAS,4
08:07:00,LATAM AIRLINES (TAM),7
08:08:00,AZUL CONECTA LTDA,1
08:08:00,GOL LINHAS AEREAS,3
08:08:00,LATAM AIRLINES (TAM),8
08:09:00,AZUL LINHAS AEREAS,1
08:09:00,GOL LINHAS AEREAS,4
08:09:00,LATAM AIRLINES (TAM),14
08:10:00,GOL LINHAS AEREAS,1
08:10:00,LATAM AIRLINES (TAM),9
08:11:00,GOL LINHAS AEREAS,4
08:11:00,LATAM AIRLINES (TAM),13
08:12:00,GOL LINHAS AEREAS,1
08:12:00,LATAM AIRLINES (TAM),5
08:13:00,GOL LINHAS AEREAS,1
08:13:00,LATAM AIRLINES (TAM),5
08:14:00,GOL LINHAS AEREAS,1
08:14:00,LATAM AIRLINES (TAM),10
08:15:00,GOL LINHAS AEREAS,1
08:15:00,LATAM AIRLINES (TAM),10
08:16:00,AZUL LINHAS AEREAS,1
08:16:00,GOL LINHAS AEREAS,2
08:16:00,LATAM AIRLINES (TAM),7
08:17:00,GOL LINHAS AEREAS,1
08:17:00,LATAM AIRLINES (TAM),9
08:18:00,GOL LINHAS AEREAS,2
08:18:00,LATAM AIRLINES (TAM),4
08:19:00,LATAM AIRLINES (TAM),13
08:20:00,GOL LINHAS AEREAS,1
08:20:00,LATAM AIRLINES (TAM),3
08:21:00,GOL LINHAS AEREAS,2
08:21:00,LATAM AIRLINES (TAM),6
08:22:00,LATAM AIRLINES (TAM),2
08:23:00,AZUL LINHAS AEREAS,1
08:23:00,LATAM AIRLINES (TAM),4
08:24:00,GOL LINHAS AEREAS,1
08:24:00,LATAM AIRLINES (TAM),3
08:25:00,GOL LINHAS AEREAS,5
08:25:00,LATAM AIRLINES (TAM),3
08:26:00,GOL LINHAS AEREAS,3
08:26:00,LATAM AIRLINES (TAM),5
08:27:00,GOL LINHAS AEREAS,5
08:27:00,LATAM AIRLINES (TAM),3
08:28:00,GOL LINHAS AEREAS,5
08:28:00,LATAM AIRLINES (TAM),2
08:29:00,GOL LINHAS AEREAS,2
08:29:00,LATAM AIRLINES (TAM),2
08:30:00,AZUL CONECTA LTDA,1
08:30:00,GOL LINHAS AEREAS,6
08:30:00,LATAM AIRLINES (TAM),9
08:31:00,GOL LINHAS AEREAS,16
08:31:00,LATAM AIRLINES (TAM),11
08:32:00,GOL LINHAS AEREAS,2
08:32:00,LATAM AIRLINES (TAM),14
08:33:00,AZUL LINHAS AEREAS,1
08:33:00,GOL LINHAS AEREAS,14
08:33:00,LATAM AIRLINES (TAM),10
08:34:00,GOL LINHAS AEREAS,6
08:34:00,LATAM AIRLINES (TAM),12
08:35:00,AZUL CONECTA LTDA,3
08:35:00,GOL LINHAS AEREAS,8
08:35:00,LATAM AIRLINES (TAM),11
08:36:00,AZUL CONECTA LTDA,1
08:36:00,AZUL LINHAS AEREAS,1
08:36:00,GOL LINHAS AEREAS,7
08:36:00,LATAM AIRLINES (TAM),8
08:37:00,AZUL CONECTA LTDA,5
08:37:00,GOL LINHAS AEREAS,11
08:37:00,LATAM AIRLINES (TAM),13
08:38:00,AZUL CONECTA LTDA,1
08:38:00,GOL LINHAS AEREAS,13
08:38:00,LATAM AIRLINES (TAM),9
08:39:00,AZUL CONECTA LTDA,3
08:39:00,GOL LINHAS AEREAS,12
08:39:00,LATAM AIRLINES (TAM),9
08:40:00,AZUL CONECTA LTDA,7
08:40:00,AZUL LINHAS AEREAS,4
08:40:00,GOL LINHAS AEREAS,11
08:40:00,LATAM AIRLINES (TAM),4
08:41:00,AZUL CONECTA LTDA,7
08:41:00,AZUL LINHAS AEREAS,3
08:41:00,GOL LINHAS AEREAS,5
08:41:00,LATAM AIRLINES (TAM),4
08:42:00,AZUL CONECTA LTDA,7
08:42:00,AZUL LINHAS AEREAS,6
08:42:00,GOL LINHAS AEREAS,3
08:42:00,LATAM AIRLINES (TAM),2
08:43:00,AZUL CONECTA LTDA,7
08:43:00,AZUL LINHAS AEREAS,2
08:43:00,GOL LINHAS AEREAS,3
08:43:00,LATAM AIRLINES (TAM),1
08:44:00,AZUL CONECTA LTDA,8
08:44:00,AZUL LINHAS AEREAS,2
08:44:00,GOL LINHAS AEREAS,11
08:44:00,LATAM AIRLINES (TAM),1
08:45:00,AZUL CONECTA LTDA,17
08:45:00,AZUL LINHAS AEREAS,3
08:45:00,GOL LINHAS AEREAS,7
08:45:00,LATAM AIRLINES (TAM),3
08:46:00,AZUL CONECTA LTDA,6
08:46:00,AZUL LINHAS AEREAS,3
08:46:00,GOL LINHAS AEREAS,6
08:46:00,LATAM AIRLINES (TAM),4
08:47:00,AZUL CONECTA LTDA,8
08:47:00,AZUL LINHAS AEREAS,6
08:47:00,GOL LINHAS AEREAS,2
08:47:00,LATAM AIRLINES (TAM),1
08:48:00,AZUL CONECTA LTDA,13
08:48:00,AZUL LINHAS AEREAS,4
08:48:00,GOL LINHAS AEREAS,3
08:48:00,LATAM AIRLINES (TAM),1
08:49:00,AZUL CONECTA LTDA,5
08:49:00,AZUL LINHAS AEREAS,2
08:49:00,GOL LINHAS AEREAS,3
08:49:00,LATAM AIRLINES (TAM),1
08:50:00,AZUL CONECTA LTDA,27
08:50:00,AZUL LINHAS AEREAS,3
08:50:00,GOL LINHAS AEREAS,3
08:50:00,LATAM AIRLINES (TAM),1
08:51:00,AZUL LINHAS AEREAS,10
08:51:00,GOL LINHAS AEREAS,4
08:52:00,AZUL CONECTA LTDA,2
08:52:00,AZUL LINHAS AEREAS,6
08:52:00,GOL LINHAS AEREAS,2
08:53:00,AZUL LINHAS AEREAS,12
08:53:00,GOL LINHAS AEREAS,2
08:53:00,LATAM AIRLINES (TAM),1
08:54:00,AZUL CONECTA LTDA,1
08:54:00,AZUL LINHAS AEREAS,5
08:54:00,GOL LINHAS AEREAS,5
08:54:00,LATAM AIRLINES (TAM),2
08:55:00,AZUL CONECTA LTDA,1
08:55:00,AZUL LINHAS AEREAS,15
08:55:00,GOL LINHAS AEREAS,3
08:56:00,AZUL LINHAS AEREAS,14
08:56:00,GOL LINHAS AEREAS,3
08:56:00,LATAM AIRLINES (TAM),1
08:57:00,AZUL CONECTA LTDA,3
08:57:00,AZUL LINHAS AEREAS,4
08:57:00,GOL LINHAS AEREAS,1
08:58:00,AZUL LINHAS AEREAS,10
08:58:00,GOL LINHAS AEREAS,1
08:58:00,LATAM AIRLINES (TAM),1
08:59:00,AZUL CONECTA LTDA,2
08:59:00,AZUL LINHAS AEREAS,5
08:59:00,GOL LINHAS AEREAS,2
08:59:00,LATAM AIRLINES (TAM),1
09:00:00,AZUL CONECTA LTDA,1
09:00:00,AZUL LINHAS AEREAS,4
09:00:00,GOL LINHAS AEREAS,4
09:00:00,LATAM AIRLINES (TAM),1
09:01:00,AZUL CONECTA LTDA,2
09:01:00,AZUL LINHAS AEREAS,2
09:01:00,GOL LINHAS AEREAS,7
09:01:00,LATAM AIRLINES (TAM),1
09:02:00,AZUL LINHAS AEREAS,6
09:02:00,GOL LINHAS AEREAS,7
09:02:00,LATAM AIRLINES (TAM),1
09:03:00,AZUL CONECTA LTDA,4
09:03:00,AZUL LINHAS AEREAS,3
09:03:00,GOL LINHAS AEREAS,4
09:04:00,AZUL CONECTA LTDA,1
09:04:00,AZUL LINHAS AEREAS,5
09:04:00,GOL LINHAS AEREAS,3
09:04:00,LATAM AIRLINES (TAM),1
09:05:00,AZUL CONECTA LTDA,1
09:05:00,AZUL LINHAS AEREAS,2
09:05:00,GOL LINHAS AEREAS,7
09:05:00,LATAM AIRLINES (TAM),1
09:06:00,AZUL LINHAS AEREAS,4
09:06:00,GOL LINHAS AEREAS,9
09:06:00,LATAM AIRLINES (TAM),1
09:07:00,AZUL LINHAS AEREAS,3
09:07:00,GOL LINHAS AEREAS,12
09:07:00,LATAM AIRLINES (TAM),2
09:08:00,AZUL LINHAS AEREAS,4
09:08:00,GOL LINHAS AEREAS,7
09:08:00,LATAM AIRLINES (TAM),1
09:09:00,AZUL CONECTA LTDA,3
09:09:00,AZUL LINHAS AEREAS,2
09:09:00,GOL LINHAS AEREAS,10
09:09:00,LATAM AIRLINES (TAM),2
09:10:00,AZUL LINHAS AEREAS,2
09:10:00,GOL LINHAS AEREAS,14
09:10:00,LATAM AIRLINES (TAM),1
09:10:00,VOEPASS LINHAS AEREAS,1
09:11:00,AZUL CONECTA LTDA,1
09:11:00,AZUL LINHAS AEREAS,3
09:11:00,GOL LINHAS AEREAS,11
09:11:00,LATAM AIRLINES (TAM),2
09:12:00,AZUL LINHAS AEREAS,3
09:12:00,GOL LINHAS AEREAS,9
09:12:00,LATAM AIRLINES (TAM),1
09:13:00,AZUL LINHAS AEREAS,2
09:13:00,GOL LINHAS AEREAS,13
09:14:00,AZUL CONECTA LTDA,1
09:14:00,AZUL LINHAS AEREAS,1
09:14:00,GOL LINHAS AEREAS,10
09:14:00,LATAM AIRLINES (TAM),1
09:15:00,AZUL CONECTA LTDA,2
09:15:00,AZUL LINHAS AEREAS,3
09:15:00,GOL LINHAS AEREAS,14
09:15:00,LATAM AIRLINES (TAM),4
09:15:00,VOEPASS LINHAS AEREAS,6
09:16:00,AZUL LINHAS AEREAS,2
09:16:00,GOL LINHAS AEREAS,8
09:16:00,LATAM AIRLINES (TAM),2
09:17:00,AZUL CONECTA LTDA,1
09:17:00,AZUL LINHAS AEREAS,2
09:17:00,GOL LINHAS AEREAS,3
09:17:00,LATAM AIRLINES (TAM),2
09:18:00,AZUL LINHAS AEREAS,2
09:18:00,GOL LINHAS AEREAS,3
09:18:00,LATAM AIRLINES (TAM),3
09:19:00,AZUL CONECTA LTDA,1
09:19:00,AZUL LINHAS AEREAS,1
09:19:00,GOL LINHAS AEREAS,7
09:19:00,LATAM AIRLINES (TAM),3
09:20:00,AZUL CONECTA LTDA,3
09:20:00,GOL LINHAS AEREAS,3
09:20:00,LATAM AIRLINES (TAM),6
09:21:00,AZUL CONECTA LTDA,1
09:21:00,AZUL LINHAS AEREAS,1
09:21:00,GOL LINHAS AEREAS,3
09:21:00,LATAM AIRLINES (TAM),4
09:22:00,AZUL LINHAS AEREAS,1
09:22:00,GOL LINHAS AEREAS,4
09:22:00,LATAM AIRLINES (TAM),4
09:23:00,AZUL LINHAS AEREAS,1
09:23:00,GOL LINHAS AEREAS,7
09:23:00,LATAM AIRLINES (TAM),5
09:24:00,AZUL LINHAS AEREAS,4
09:24:00,GOL LINHAS AEREAS,2
09:24:00,LATAM AIRLINES (TAM),6
09:25:00,AZUL CONECTA LTDA,1
09:25:00,AZUL LINHAS AEREAS,1
09:25:00,GOL LINHAS AEREAS,3
09:25:00,LATAM AIRLINES (TAM),4
09:26:00,AZUL LINHAS AEREAS,2
09:26:00,GOL LINHAS AEREAS,1
09:26:00,LATAM AIRLINES (TAM),6
09:27:00,AZUL LINHAS AEREAS,1
09:27:00,GOL LINHAS AEREAS,2
09:27:00,LATAM AIRLINES (TAM),7
09:27:00,VOEPASS LINHAS AEREAS,1
09:28:00,GOL LINHAS AEREAS,5
09:28:00,LATAM AIRLINES (TAM),4
09:29:00,GOL LINHAS AEREAS,1
09:29:00,LATAM AIRLINES (TAM),5
09:30:00,AZUL CONECTA LTDA,1
09:30:00,GOL LINHAS AEREAS,3
09:30:00,LATAM AIRLINES (TAM),1
09:31:00,GOL LINHAS AEREAS,5
09:31:00,LATAM AIRLINES (TAM),4
09:32:00,AZUL CONECTA LTDA,1
09:32:00,GOL LINHAS AEREAS,3
09:32:00,LATAM AIRLINES (TAM),2
09:33:00,AZUL LINHAS AEREAS,1
09:33:00,LATAM AIRLINES (TAM),1
09:34:00,AZUL CONECTA LTDA,1
09:34:00,LATAM AIRLINES (TAM),1
09:35:00,GOL LINHAS AEREAS,2
09:35:00,LATAM AIRLINES (TAM),2
09:36:00,LATAM AIRLINES (TAM),1
09:37:00,GOL LINHAS AEREAS,2
09:38:00,AZUL CONECTA LTDA,1
09:38:00,AZUL LINHAS AEREAS,1
09:38:00,LATAM AIRLINES (TAM),1
09:39:00,LATAM AIRLINES (TAM),1
09:40:00,GOL LINHAS AEREAS,1
09:40:00,LATAM AIRLINES (TAM),1
09:41:00,LATAM AIRLINES (TAM),1
09:42:00,GOL LINHAS AEREAS,1
09:42:00,LATAM AIRLINES (TAM),1
09:43:00,GOL LINHAS AEREAS,2
09:44:00,LATAM AIRLINES (TAM),3
09:45:00,AZUL LINHAS AEREAS,2
09:45:00,GOL LINHAS AEREAS,3
09:45:00,LATAM AIRLINES (TAM),3
09:46:00,AZUL LINHAS AEREAS,3
09:46:00,GOL LINHAS AEREAS,5
09:46:00,LATAM AIRLINES (TAM),1
09:47:00,AZUL LINHAS AEREAS,4
09:47:00,GOL LINHAS AEREAS,3
09:47:00,LATAM AIRLINES (TAM),6
09:48:00,AZUL LINHAS AEREAS,3
09:48:00,GOL LINHAS AEREAS,6
09:48:00,LATAM AIRLINES (TAM),5
09:49:00,AZUL LINHAS AEREAS,10
09:49:00,GOL LINHAS AEREAS,6
09:49:00,LATAM AIRLINES (TAM),10
09:50:00,AZUL CONECTA LTDA,1
09:50:00,AZUL LINHAS AEREAS,12
09:50:00,GOL LINHAS AEREAS,12
09:50:00,LATAM AIRLINES (TAM),9
09:50:00,VOEPASS LINHAS AEREAS,1
09:51:00,AZUL LINHAS AEREAS,9
09:51:00,GOL LINHAS AEREAS,5
09:51:00,LATAM AIRLINES (TAM),10
09:52:00,AZUL CONECTA LTDA,1
09:52:00,AZUL LINHAS AEREAS,7
09:52:00,GOL LINHAS AEREAS,6
09:52:00,LATAM AIRLINES (TAM),12
09:53:00,AZUL CONECTA LTDA,1
09:53:00,AZUL LINHAS AEREAS,14
09:53:00,GOL LINHAS AEREAS,6
09:53:00,LATAM AIRLINES (TAM),16
09:54:00,AZUL LINHAS AEREAS,11
09:54:00,GOL LINHAS AEREAS,14
09:54:00,LATAM AIRLINES (TAM),5
09:55:00,AZUL LINHAS AEREAS,7
09:55:00,GOL LINHAS AEREAS,9
09:55:00,LATAM AIRLINES (TAM),6
09:56:00,AZUL LINHAS AEREAS,7
09:56:00,GOL LINHAS AEREAS,14
09:56:00,LATAM AIRLINES (TAM),7
09:57:00,AZUL LINHAS AEREAS,8
09:57:00,GOL LINHAS AEREAS,11
09:57:00,LATAM AIRLINES (TAM),4
09:58:00,AZUL CONECTA LTDA,1
09:58:00,AZUL LINHAS AEREAS,6
09:58:00,GOL LINHAS AEREAS,10
09:58:00,LATAM AIRLINES (TAM),5
09:59:00,AZUL CONECTA LTDA,1
09:59:00,AZUL LINHAS AEREAS,6
09:59:00,GOL LINHAS AEREAS,13
09:59:00,LATAM AIRLINES (TAM),4
10:00:00,AZUL CONECTA LTDA,1
10:00:00,AZUL LINHAS AEREAS,3
10:00:00,GOL LINHAS AEREAS,9
10:00:00,LATAM AIRLINES (TAM),5
10:01:00,GOL LINHAS AEREAS,4
10:01:00,LATAM AIRLINES (TAM),4
10:02:00,AZUL LINHAS AEREAS,2
10:02:00,GOL LINHAS AEREAS,4
10:02:00,LATAM AIRLINES (TAM),3
10:03:00,AZUL LINHAS AEREAS,4
10:03:00,GOL LINHAS AEREAS,3
10:03:00,LATAM AIRLINES (TAM),6
10:04:00,GOL LINHAS AEREAS,1
10:04:00,LATAM AIRLINES (TAM),2
10:05:00,AZUL LINHAS AEREAS,2
10:05:00,GOL LINHAS AEREAS,5
10:05:00,LATAM AIRLINES (TAM),2
10:06:00,AZUL LINHAS AEREAS,5
10:06:00,GOL LINHAS AEREAS,1
10:06:00,LATAM AIRLINES (TAM),2
10:07:00,AZUL CONECTA LTDA,1
10:07:00,AZUL LINHAS AEREAS,2
10:07:00,GOL LINHAS AEREAS,5
10:07:00,LATAM AIRLINES (TAM),6
10:08:00,AZUL LINHAS AEREAS,3
10:08:00,GOL LINHAS AEREAS,3
10:08:00,LATAM AIRLINES (TAM),2
10:09:00,AZUL CONECTA LTDA,1
10:09:00,GOL LINHAS AEREAS,6
10:09:00,LATAM AIRLINES (TAM),1
10:10:00,AZUL LINHAS AEREAS,1
10:10:00,GOL LINHAS AEREAS,4
10:10:00,LATAM AIRLINES (TAM),10
10:11:00,AZUL LINHAS AEREAS,3
10:11:00,GOL LINHAS AEREAS,3
10:11:00,LATAM AIRLINES (TAM),5
10:12:00,AZUL CONECTA LTDA,1
10:12:00,AZUL LINHAS AEREAS,1
10:12:00,GOL LINHAS AEREAS,5
10:12:00,LATAM AIRLINES (TAM),4
10:13:00,AZUL LINHAS AEREAS,2
10:13:00,GOL LINHAS AEREAS,5
10:13:00,LATAM AIRLINES (TAM),2
10:14:00,AZUL LINHAS AEREAS,1
10:14:00,GOL LINHAS AEREAS,5
10:14:00,LATAM AIRLINES (TAM),2
10:15:00,AZUL CONECTA LTDA,1
10:15:00,LATAM AIRLINES (TAM),2
10:16:00,GOL LINHAS AEREAS,1
10:16:00,LATAM AIRLINES (TAM),3
10:17:00,AZUL LINHAS AEREAS,2
10:17:00,GOL LINHAS AEREAS,1
10:17:00,LATAM AIRLINES (TAM),3
10:18:00,AZUL CONECTA LTDA,1
10:18:00,AZUL LINHAS AEREAS,1
10:18:00,GOL LINHAS AEREAS,1
10:18:00,LATAM AIRLINES (TAM),4
10:19:00,GOL LINHAS AEREAS,2
10:19:00,LATAM AIRLINES (TAM),2
10:20:00,AZUL CONECTA LTDA,1
10:20:00,GOL LINHAS AEREAS,3
10:20:00,LATAM AIRLINES (TAM),2
10:21:00,GOL LINHAS AEREAS,1
10:21:00,LATAM AIRLINES (TAM),6
10:22:00,GOL LINHAS AEREAS,3
10:22:00,LATAM AIRLINES (TAM),3
10:23:00,LATAM AIRLINES (TAM),6
10:24:00,LATAM AIRLINES (TAM),6
10:25:00,AZUL LINHAS AEREAS,1
10:25:00,LATAM AIRLINES (TAM),2
10:26:00,AZUL CONECTA LTDA,1
10:26:00,LATAM AIRLINES (TAM),3
10:27:00,AZUL CONECTA LTDA,1
10:27:00,GOL LINHAS AEREAS,2
10:27:00,LATAM AIRLINES (TAM),4
10:28:00,GOL LINHAS AEREAS,1
10:28:00,LATAM AIRLINES (TAM),1
10:29:00,LATAM AIRLINES (TAM),2
10:30:00,LATAM AIRLINES (TAM),7
10:31:00,AZUL LINHAS AEREAS,2
10:31:00,GOL LINHAS AEREAS,4
10:31:00,LATAM AIRLINES (TAM),5
10:32:00,AZUL LINHAS AEREAS,2
10:32:00,LATAM AIRLINES (TAM),3
10:33:00,AZUL LINHAS AEREAS,7
10:33:00,GOL LINHAS AEREAS,2
10:33:00,LATAM AIRLINES (TAM),6
10:34:00,AZUL CONECTA LTDA,2
10:34:00,AZUL LINHAS AEREAS,2
10:34:00,GOL LINHAS AEREAS,5
10:34:00,LATAM AIRLINES (TAM),5
10:35:00,AZUL CONECTA LTDA,2
10:35:00,AZUL LINHAS AEREAS,3
10:35:00,GOL LINHAS AEREAS,6
10:35:00,LATAM AIRLINES (TAM),7
10:36:00,AZUL CONECTA LTDA,5
10:36:00,AZUL LINHAS AEREAS,2
10:36:00,GOL LINHAS AEREAS,2
10:36:00,LATAM AIRLINES (TAM),18
10:37:00,AZUL CONECTA LTDA,5
10:37:00,AZUL LINHAS AEREAS,5
10:37:00,GOL LINHAS AEREAS,8
10:37:00,LATAM AIRLINES (TAM),7
10:38:00,AZUL CONECTA LTDA,4
10:38:00,AZUL LINHAS AEREAS,3
10:38:00,GOL LINHAS AEREAS,6
10:38:00,LATAM AIRLINES (TAM),8
10:39:00,AZUL CONECTA LTDA,1
10:39:00,AZUL LINHAS AEREAS,2
10:39:00,GOL LINHAS AEREAS,4
10:39:00,LATAM AIRLINES (TAM),12
10:40:00,AZUL CONECTA LTDA,14
10:40:00,AZUL LINHAS AEREAS,4
10:40:00,GOL LINHAS AEREAS,7
10:40:00,LATAM AIRLINES (TAM),9
10:41:00,AZUL CONECTA LTDA,5
10:41:00,AZUL LINHAS AEREAS,7
10:41:00,GOL LINHAS AEREAS,10
10:41:00,LATAM AIRLINES (TAM),2
10:42:00,AZUL CONECTA LTDA,9
10:42:00,AZUL LINHAS AEREAS,10
10:42:00,GOL LINHAS AEREAS,4
10:42:00,LATAM AIRLINES (TAM),3
10:43:00,AZUL CONECTA LTDA,6
10:43:00,AZUL LINHAS AEREAS,9
10:43:00,GOL LINHAS AEREAS,9
10:43:00,LATAM AIRLINES (TAM),8
10:44:00,AZUL CONECTA LTDA,8
10:44:00,AZUL LINHAS AEREAS,8
10:44:00,GOL LINHAS AEREAS,8
10:44:00,LATAM AIRLINES (TAM),2
10:45:00,AZUL CONECTA LTDA,22
10:45:00,AZUL LINHAS AEREAS,14
10:45:00,GOL LINHAS AEREAS,13
10:46:00,AZUL CONECTA LTDA,6
10:46:00,AZUL LINHAS AEREAS,11
10:46:00,GOL LINHAS AEREAS,7
10:46:00,LATAM AIRLINES (TAM),5
10:47:00,AZUL CONECTA LTDA,6
10:47:00,AZUL LINHAS AEREAS,7
10:47:00,GOL LINHAS AEREAS,4
10:47:00,LATAM AIRLINES (TAM),4
10:48:00,AZUL CONECTA LTDA,7
10:48:00,AZUL LINHAS AEREAS,4
10:48:00,GOL LINHAS AEREAS,2
10:48:00,LATAM AIRLINES (TAM),1
10:49:00,AZUL CONECTA LTDA,4
10:49:00,AZUL LINHAS AEREAS,3
10:49:00,GOL LINHAS AEREAS,2
10:49:00,LATAM AIRLINES (TAM),3
10:50:00,AZUL CONECTA LTDA,28
10:50:00,AZUL LINHAS AEREAS,7
10:50:00,GOL LINHAS AEREAS,8
10:50:00,LATAM AIRLINES (TAM),5
10:51:00,AZUL LINHAS AEREAS,6
10:51:00,GOL LINHAS AEREAS,6
10:51:00,LATAM AIRLINES (TAM),3
10:52:00,AZUL CONECTA LTDA,1
10:52:00,AZUL LINHAS AEREAS,4
10:52:00,GOL LINHAS AEREAS,3
10:52:00,LATAM AIRLINES (TAM),1
10:53:00,AZUL CONECTA LTDA,2
10:53:00,AZUL LINHAS AEREAS,2
10:53:00,GOL LINHAS AEREAS,3
10:53:00,LATAM AIRLINES (TAM),3
10:54:00,AZUL LINHAS AEREAS,1
10:54:00,GOL LINHAS AEREAS,5
10:54:00,LATAM AIRLINES (TAM),2
10:55:00,AZUL CONECTA LTDA,3
10:55:00,AZUL LINHAS AEREAS,1
10:55:00,GOL LINHAS AEREAS,4
10:55:00,LATAM AIRLINES (TAM),3
10:56:00,AZUL CONECTA LTDA,1
10:56:00,AZUL LINHAS AEREAS,5
10:56:00,GOL LINHAS AEREAS,4
10:56:00,LATAM AIRLINES (TAM),2
10:57:00,AZUL CONECTA LTDA,2
10:57:00,AZUL LINHAS AEREAS,2
10:57:00,GOL LINHAS AEREAS,7
10:58:00,AZUL CONECTA LTDA,3
10:58:00,AZUL LINHAS AEREAS,1
10:58:00,GOL LINHAS AEREAS,3
10:58:00,LATAM AIRLINES (TAM),1
10:59:00,AZUL CONECTA LTDA,3
10:59:00,AZUL LINHAS AEREAS,1
10:59:00,GOL LINHAS AEREAS,5
10:59:00,LATAM AIRLINES (TAM),2
11:00:00,AZUL CONECTA LTDA,2
11:00:00,AZUL LINHAS AEREAS,1
11:00:00,GOL LINHAS AEREAS,5
11:01:00,AZUL LINHAS AEREAS,1
11:01:00,GOL LINHAS AEREAS,2
11:01:00,LATAM AIRLINES (TAM),3
11:02:00,AZUL CONECTA LTDA,3
11:02:00,AZUL LINHAS AEREAS,2
11:02:00,GOL LINHAS AEREAS,5
11:02:00,LATAM AIRLINES (TAM),1
11:03:00,AZUL CONECTA LTDA,2
11:03:00,AZUL LINHAS AEREAS,3
11:03:00,GOL LINHAS AEREAS,8
11:04:00,AZUL CONECTA LTDA,1
11:04:00,AZUL LINHAS AEREAS,1
11:04:00,GOL LINHAS AEREAS,12
11:04:00,LATAM AIRLINES (TAM),2
11:05:00,AZUL CONECTA LTDA,2
11:05:00,GOL LINHAS AEREAS,9
11:06:00,AZUL CONECTA LTDA,2
11:06:00,AZUL LINHAS AEREAS,1
11:06:00,GOL LINHAS AEREAS,11
11:07:00,AZUL CONECTA LTDA,1
11:07:00,AZUL LINHAS AEREAS,2
11:07:00,GOL LINHAS AEREAS,9
11:08:00,AZUL CONECTA LTDA,1
11:08:00,AZUL LINHAS AEREAS,1
11:08:00,GOL LINHAS AEREAS,10
11:08:00,LATAM AIRLINES (TAM),2
11:09:00,AZUL LINHAS AEREAS,1
11:09:00,GOL LINHAS AEREAS,14
11:10:00,AZUL CONECTA LTDA,1
11:10:00,AZUL LINHAS AEREAS,2
11:10:00,GOL LINHAS AEREAS,17
11:11:00,AZUL LINHAS AEREAS,2
11:11:00,GOL LINHAS AEREAS,23
11:11:00,LATAM AIRLINES (TAM),1
11:12:00,AZUL LINHAS AEREAS,1
11:12:00,GOL LINHAS AEREAS,15
11:12:00,LATAM AIRLINES (TAM),1
11:13:00,AZUL LINHAS AEREAS,4
11:13:00,GOL LINHAS AEREAS,16
11:13:00,LATAM AIRLINES (TAM),1
11:14:00,AZUL CONECTA LTDA,1
11:14:00,AZUL LINHAS AEREAS,1
11:14:00,GOL LINHAS AEREAS,14
11:15:00,AZUL LINHAS AEREAS,1
11:15:00,GOL LINHAS AEREAS,13
11:16:00,AZUL LINHAS AEREAS,2
11:16:00,GOL LINHAS AEREAS,11
11:17:00,AZUL CONECTA LTDA,1
11:17:00,GOL LINHAS AEREAS,8
11:18:00,GOL LINHAS AEREAS,14
11:19:00,AZUL CONECTA LTDA,1
11:19:00,AZUL LINHAS AEREAS,1
11:19:00,GOL LINHAS AEREAS,11
11:20:00,AZUL CONECTA LTDA,4
11:20:00,AZUL LINHAS AEREAS,1
11:20:00,GOL LINHAS AEREAS,9
11:20:00,LATAM AIRLINES (TAM),1
11:21:00,AZUL CONECTA LTDA,2
11:21:00,GOL LINHAS AEREAS,8
11:22:00,GOL LINHAS AEREAS,10
11:22:00,LATAM AIRLINES (TAM),1
11:23:00,AZUL CONECTA LTDA,2
11:23:00,AZUL LINHAS AEREAS,1
11:23:00,GOL LINHAS AEREAS,7
11:24:00,GOL LINHAS AEREAS,6
11:25:00,AZUL LINHAS AEREAS,1
11:25:00,GOL LINHAS AEREAS,3
11:26:00,AZUL CONECTA LTDA,2
11:26:00,GOL LINHAS AEREAS,8
11:27:00,AZUL CONECTA LTDA,1
11:27:00,AZUL LINHAS AEREAS,2
11:27:00,GOL LINHAS AEREAS,2
11:28:00,GOL LINHAS AEREAS,4
11:29:00,AZUL CONECTA LTDA,1
11:29:00,GOL LINHAS AEREAS,5
11:30:00,GOL LINHAS AEREAS,10
11:31:00,GOL LINHAS AEREAS,8
11:32:00,AZUL CONECTA LTDA,1
11:32:00,AZUL LINHAS AEREAS,1
11:32:00,GOL LINHAS AEREAS,3
11:32:00,LATAM AIRLINES (TAM),1
11:33:00,AZUL LINHAS AEREAS,1
11:33:00,GOL LINHAS AEREAS,11
11:34:00,AZUL CONECTA LTDA,1
11:34:00,GOL LINHAS AEREAS,4
11:34:00,LATAM AIRLINES (TAM),1
11:35:00,GOL LINHAS AEREAS,8
11:35:00,LATAM AIRLINES (TAM),1
11:36:00,AZUL LINHAS AEREAS,1
11:36:00,GOL LINHAS AEREAS,6
11:36:00,LATAM AIRLINES (TAM),1
11:37:00,GOL LINHAS AEREAS,8
11:38:00,AZUL CONECTA LTDA,1
11:38:00,GOL LINHAS AEREAS,7
11:39:00,AZUL CONECTA LTDA,1
11:39:00,GOL LINHAS AEREAS,6
11:39:00,LATAM AIRLINES (TAM),4
11:40:00,AZUL LINHAS AEREAS,1
11:40:00,GOL LINHAS AEREAS,16
11:40:00,LATAM AIRLINES (TAM),1
11:41:00,AZUL LINHAS AEREAS,1
11:41:00,GOL LINHAS AEREAS,2
11:41:00,LATAM AIRLINES (TAM),6
11:42:00,AZUL CONECTA LTDA,1
11:42:00,GOL LINHAS AEREAS,10
11:42:00,LATAM AIRLINES (TAM),9
11:43:00,GOL LINHAS AEREAS,7
11:43:00,LATAM AIRLINES (TAM),11
11:44:00,GOL LINHAS AEREAS,9
11:44:00,LATAM AIRLINES (TAM),9
11:45:00,GOL LINHAS AEREAS,12
11:45:00,LATAM AIRLINES (TAM),6
11:46:00,AZUL CONECTA LTDA,1
11:46:00,GOL LINHAS AEREAS,9
11:46:00,LATAM AIRLINES (TAM),17
11:47:00,GOL LINHAS AEREAS,4
11:47:00,LATAM AIRLINES (TAM),11
11:48:00,AZUL CONECTA LTDA,1
11:48:00,GOL LINHAS AEREAS,6
11:48:00,LATAM AIRLINES (TAM),5
11:49:00,GOL LINHAS AEREAS,13
11:49:00,LATAM AIRLINES (TAM),10
11:50:00,GOL LINHAS AEREAS,2
11:50:00,LATAM AIRLINES (TAM),11
11:51:00,AZUL LINHAS AEREAS,1
11:51:00,GOL LINHAS AEREAS,5
11:51:00,LATAM AIRLINES (TAM),6
11:52:00,GOL LINHAS AEREAS,4
11:52:00,LATAM AIRLINES (TAM),8
11:53:00,AZUL LINHAS AEREAS,2
11:53:00,GOL LINHAS AEREAS,7
11:53:00,LATAM AIRLINES (TAM),6
11:54:00,AZUL LINHAS AEREAS,2
11:54:00,GOL LINHAS AEREAS,6
11:54:00,LATAM AIRLINES (TAM),3
11:55:00,AZUL CONECTA LTDA,1
11:55:00,AZUL LINHAS AEREAS,3
11:55:00,GOL LINHAS AEREAS,6
11:55:00,LATAM AIRLINES (TAM),4
11:56:00,AZUL LINHAS AEREAS,2
11:56:00,GOL LINHAS AEREAS,1
11:56:00,LATAM AIRLINES (TAM),11
11:57:00,AZUL CONECTA LTDA,1
11:57:00,AZUL LINHAS AEREAS,4
11:57:00,GOL LINHAS AEREAS,5
11:57:00,LATAM AIRLINES (TAM),5
11:58:00,AZUL LINHAS AEREAS,3
11:58:00,GOL LINHAS AEREAS,5
11:58:00,LATAM AIRLINES (TAM),3
11:59:00,AZUL LINHAS AEREAS,6
11:59:00,GOL LINHAS AEREAS,9
11:59:00,LATAM AIRLINES (TAM),6
12:00:00,AZUL LINHAS AEREAS,2
12:00:00,GOL LINHAS AEREAS,7
12:00:00,LATAM AIRLINES (TAM),6
12:01:00,AZUL LINHAS AEREAS,5
12:01:00,GOL LINHAS AEREAS,4
12:01:00,LATAM AIRLINES (TAM),1
12:02:00,AZUL LINHAS AEREAS,6
12:02:00,GOL LINHAS AEREAS,11
12:02:00,LATAM AIRLINES (TAM),1
12:03:00,AZUL LINHAS AEREAS,5
12:03:00,GOL LINHAS AEREAS,8
12:03:00,LATAM AIRLINES (TAM),3
12:04:00,AZUL LINHAS AEREAS,5
12:04:00,GOL LINHAS AEREAS,7
12:04:00,LATAM AIRLINES (TAM),3
12:05:00,AZUL CONECTA LTDA,2
12:05:00,AZUL LINHAS AEREAS,5
12:05:00,GOL LINHAS AEREAS,6
12:05:00,LATAM AIRLINES (TAM),1
12:06:00,AZUL LINHAS AEREAS,10
12:06:00,GOL LINHAS AEREAS,2
12:06:00,LATAM AIRLINES (TAM),1
12:07:00,AZUL LINHAS AEREAS,10
12:07:00,GOL LINHAS AEREAS,3
12:07:00,LATAM AIRLINES (TAM),3
12:08:00,AZUL LINHAS AEREAS,3
12:08:00,GOL LINHAS AEREAS,6
12:08:00,LATAM AIRLINES (TAM),3
12:09:00,AZUL LINHAS AEREAS,8
12:09:00,GOL LINHAS AEREAS,6
12:09:00,LATAM AIRLINES (TAM),1
12:10:00,AZUL LINHAS AEREAS,5
12:10:00,GOL LINHAS AEREAS,3
12:10:00,LATAM AIRLINES (TAM),3
12:11:00,AZUL LINHAS AEREAS,3
12:11:00,GOL LINHAS AEREAS,7
12:11:00,LATAM AIRLINES (TAM),2
12:12:00,AZUL CONECTA LTDA,1
12:12:00,AZUL LINHAS AEREAS,7
12:12:00,GOL LINHAS AEREAS,3
12:12:00,LATAM AIRLINES (TAM),3
12:13:00,AZUL LINHAS AEREAS,7
12:13:00,GOL LINHAS AEREAS,7
12:13:00,LATAM AIRLINES (TAM),3
12:14:00,AZUL LINHAS AEREAS,4
12:14:00,GOL LINHAS AEREAS,4
12:14:00,LATAM AIRLINES (TAM),2
12:15:00,AZUL LINHAS AEREAS,6
12:15:00,GOL LINHAS AEREAS,8
12:15:00,LATAM AIRLINES (TAM),3
12:16:00,AZUL LINHAS AEREAS,4
12:16:00,GOL LINHAS AEREAS,11
12:16:00,LATAM AIRLINES (TAM),1
12:17:00,AZUL LINHAS AEREAS,3
12:17:00,GOL LINHAS AEREAS,4
12:17:00,LATAM AIRLINES (TAM),2
12:18:00,AZUL LINHAS AEREAS,4
12:18:00,GOL LINHAS AEREAS,5
12:18:00,LATAM AIRLINES (TAM),4
12:19:00,AZUL LINHAS AEREAS,2
12:19:00,GOL LINHAS AEREAS,6
12:19:00,LATAM AIRLINES (TAM),5
12:20:00,AZUL LINHAS AEREAS,1
12:20:00,GOL LINHAS AEREAS,11
12:20:00,LATAM AIRLINES (TAM),2
12:21:00,AZUL LINHAS AEREAS,2
12:21:00,GOL LINHAS AEREAS,6
12:21:00,LATAM AIRLINES (TAM),5
12:22:00,AZUL LINHAS AEREAS,1
12:22:00,GOL LINHAS AEREAS,8
12:22:00,LATAM AIRLINES (TAM),2
12:23:00,AZUL LINHAS AEREAS,1
12:23:00,GOL LINHAS AEREAS,8
12:23:00,LATAM AIRLINES (TAM),3
12:24:00,AZUL LINHAS AEREAS,2
12:24:00,GOL LINHAS AEREAS,7
12:25:00,AZUL LINHAS AEREAS,3
12:25:00,GOL LINHAS AEREAS,6
12:25:00,LATAM AIRLINES (TAM),3
12:25:00,VOEPASS LINHAS AEREAS,4
12:26:00,AZUL LINHAS AEREAS,4
12:26:00,GOL LINHAS AEREAS,3
12:26:00,LATAM AIRLINES (TAM),2
12:26:00,VOEPASS LINHAS AEREAS,1
12:27:00,AZUL LINHAS AEREAS,2
12:27:00,GOL LINHAS AEREAS,5
12:27:00,LATAM AIRLINES (TAM),1
12:28:00,AZUL LINHAS AEREAS,1
12:28:00,GOL LINHAS AEREAS,7
12:28:00,LATAM AIRLINES (TAM),1
12:29:00,AZUL LINHAS AEREAS,3
12:29:00,GOL LINHAS AEREAS,5
12:29:00,LATAM AIRLINES (TAM),2
12:29:00,VOEPASS LINHAS AEREAS,1
12:30:00,AZUL LINHAS AEREAS,2
12:30:00,GOL LINHAS AEREAS,3
12:30:00,LATAM AIRLINES (TAM),3
12:30:00,VOEPASS LINHAS AEREAS,7
12:31:00,AZUL LINHAS AEREAS,2
12:31:00,LATAM AIRLINES (TAM),1
12:32:00,AZUL LINHAS AEREAS,3
12:32:00,GOL LINHAS AEREAS,4
12:32:00,LATAM AIRLINES (TAM),1
12:33:00,AZUL LINHAS AEREAS,2
12:33:00,GOL LINHAS AEREAS,3
12:34:00,AZUL LINHAS AEREAS,2
12:34:00,GOL LINHAS AEREAS,2
12:34:00,LATAM AIRLINES (TAM),2
12:35:00,AZUL LINHAS AEREAS,2
12:35:00,GOL LINHAS AEREAS,3
12:35:00,LATAM AIRLINES (TAM),1
12:35:00,VOEPASS LINHAS AEREAS,1
12:36:00,AZUL LINHAS AEREAS,1
12:36:00,GOL LINHAS AEREAS,3
12:36:00,LATAM AIRLINES (TAM),1
12:36:00,VOEPASS LINHAS AEREAS,1
12:37:00,AZUL CONECTA LTDA,1
12:37:00,AZUL LINHAS AEREAS,4
12:37:00,GOL LINHAS AEREAS,1
12:37:00,LATAM AIRLINES (TAM),3
12:38:00,AZUL LINHAS AEREAS,1
12:38:00,GOL LINHAS AEREAS,4
12:38:00,LATAM AIRLINES (TAM),2
12:39:00,AZUL LINHAS AEREAS,2
12:39:00,GOL LINHAS AEREAS,4
12:39:00,LATAM AIRLINES (TAM),5
12:40:00,AZUL LINHAS AEREAS,2
12:40:00,GOL LINHAS AEREAS,6
12:40:00,LATAM AIRLINES (TAM),6
12:40:00,VOEPASS LINHAS AEREAS,2
12:41:00,AZUL LINHAS AEREAS,1
12:41:00,GOL LINHAS AEREAS,4
12:41:00,LATAM AIRLINES (TAM),8
12:42:00,AZUL LINHAS AEREAS,2
12:42:00,GOL LINHAS AEREAS,7
12:42:00,LATAM AIRLINES (TAM),5
12:43:00,AZUL LINHAS AEREAS,4
12:43:00,GOL LINHAS AEREAS,6
12:43:00,LATAM AIRLINES (TAM),3
12:43:00,VOEPASS LINHAS AEREAS,1
12:44:00,AZUL LINHAS AEREAS,5
12:44:00,GOL LINHAS AEREAS,6
12:44:00,LATAM AIRLINES (TAM),7
12:44:00,VOEPASS LINHAS AEREAS,2
12:45:00,AZUL CONECTA LTDA,2
12:45:00,AZUL LINHAS AEREAS,3
12:45:00,GOL LINHAS AEREAS,5
12:45:00,LATAM AIRLINES (TAM),4
12:45:00,VOEPASS LINHAS AEREAS,1
12:46:00,AZUL LINHAS AEREAS,2
12:46:00,GOL LINHAS AEREAS,3
12:46:00,LATAM AIRLINES (TAM),5
12:46:00,VOEPASS LINHAS AEREAS,3
12:47:00,AZUL LINHAS AEREAS,1
12:47:00,LATAM AIRLINES (TAM),5
12:47:00,VOEPASS LINHAS AEREAS,1
12:48:00,AZUL LINHAS AEREAS,5
12:48:00,GOL LINHAS AEREAS,3
12:48:00,LATAM AIRLINES (TAM),11
12:49:00,AZUL LINHAS AEREAS,4
12:49:00,GOL LINHAS AEREAS,2
12:49:00,LATAM AIRLINES (TAM),7
12:50:00,AZUL LINHAS AEREAS,1
12:50:00,GOL LINHAS AEREAS,3
12:50:00,LATAM AIRLINES (TAM),7
12:50:00,VOEPASS LINHAS AEREAS,2
12:51:00,AZUL LINHAS AEREAS,3
12:51:00,GOL LINHAS AEREAS,3
12:51:00,LATAM AIRLINES (TAM),3
12:51:00,VOEPASS LINHAS AEREAS,1
12:52:00,AZUL LINHAS AEREAS,2
12:52:00,GOL LINHAS AEREAS,4
12:52:00,LATAM AIRLINES (TAM),3
12:52:00,VOEPASS LINHAS AEREAS,2
12:53:00,GOL LINHAS AEREAS,4
12:53:00,LATAM AIRLINES (TAM),4
12:54:00,GOL LINHAS AEREAS,8
12:54:00,LATAM AIRLINES (TAM),7
12:55:00,GOL LINHAS AEREAS,6
12:55:00,LATAM AIRLINES (TAM),4
12:55:00,VOEPASS LINHAS AEREAS,1
12:56:00,AZUL LINHAS AEREAS,1
12:56:00,GOL LINHAS AEREAS,10
12:56:00,LATAM AIRLINES (TAM),2
12:57:00,GOL LINHAS AEREAS,13
12:57:00,VOEPASS LINHAS AEREAS,1
12:58:00,AZUL LINHAS AEREAS,1
12:58:00,GOL LINHAS AEREAS,5
12:58:00,LATAM AIRLINES (TAM),1
12:59:00,GOL LINHAS AEREAS,14
12:59:00,LATAM AIRLINES (TAM),6
13:00:00,AZUL CONECTA LTDA,1
13:00:00,GOL LINHAS AEREAS,9
13:00:00,LATAM AIRLINES (TAM),1
13:00:00,VOEPASS LINHAS AEREAS,1
13:01:00,AZUL LINHAS AEREAS,3
13:01:00,GOL LINHAS AEREAS,7
13:01:00,LATAM AIRLINES (TAM),1
13:02:00,GOL LINHAS AEREAS,7
13:03:00,GOL LINHAS AEREAS,13
13:03:00,LATAM AIRLINES (TAM),2
13:03:00,VOEPASS LINHAS AEREAS,1
13:04:00,GOL LINHAS AEREAS,2
13:04:00,LATAM AIRLINES (TAM),1
13:04:00,VOEPASS LINHAS AEREAS,1
13:05:00,GOL LINHAS AEREAS,6
13:05:00,LATAM AIRLINES (TAM),1
13:05:00,VOEPASS LINHAS AEREAS,1
13:06:00,AZUL LINHAS AEREAS,1
13:06:00,GOL LINHAS AEREAS,5
13:06:00,LATAM AIRLINES (TAM),2
13:07:00,GOL LINHAS AEREAS,5
13:07:00,LATAM AIRLINES (TAM),1
13:08:00,AZUL CONECTA LTDA,1
13:08:00,GOL LINHAS AEREAS,5
13:08:00,LATAM AIRLINES (TAM),2
13:08:00,VOEPASS LINHAS AEREAS,1
13:09:00,LATAM AIRLINES (TAM),3
13:10:00,GOL LINHAS AEREAS,3
13:10:00,LATAM AIRLINES (TAM),1
13:10:00,VOEPASS LINHAS AEREAS,1
13:11:00,GOL LINHAS AEREAS,4
13:11:00,LATAM AIRLINES (TAM),2
13:12:00,GOL LINHAS AEREAS,4
13:12:00,LATAM AIRLINES (TAM),5
13:12:00,VOEPASS LINHAS AEREAS,1
13:13:00,GOL LINHAS AEREAS,5
13:13:00,LATAM AIRLINES (TAM),7
13:14:00,GOL LINHAS AEREAS,6
13:14:00,LATAM AIRLINES (TAM),6
13:15:00,AZUL CONECTA LTDA,1
13:15:00,AZUL LINHAS AEREAS,1
13:15:00,GOL LINHAS AEREAS,1
13:15:00,LATAM AIRLINES (TAM),8
13:16:00,GOL LINHAS AEREAS,1
13:16:00,LATAM AIRLINES (TAM),5
13:17:00,GOL LINHAS AEREAS,3
13:17:00,LATAM AIRLINES (TAM),10
13:18:00,GOL LINHAS AEREAS,2
13:18:00,LATAM AIRLINES (TAM),10
13:19:00,GOL LINHAS AEREAS,6
13:19:00,LATAM AIRLINES (TAM),6
13:20:00,AZUL CONECTA LTDA,1
13:20:00,GOL LINHAS AEREAS,2
13:20:00,LATAM AIRLINES (TAM),7
13:21:00,GOL LINHAS AEREAS,1
13:21:00,LATAM AIRLINES (TAM),9
13:22:00,AZUL CONECTA LTDA,1
13:22:00,GOL LINHAS AEREAS,3
13:22:00,LATAM AIRLINES (TAM),7
13:23:00,GOL LINHAS AEREAS,2
13:23:00,LATAM AIRLINES (TAM),11
13:24:00,GOL LINHAS AEREAS,3
13:24:00,LATAM AIRLINES (TAM),11
13:24:00,VOEPASS LINHAS AEREAS,1
13:25:00,AZUL CONECTA LTDA,3
13:25:00,GOL LINHAS AEREAS,3
13:25:00,LATAM AIRLINES (TAM),8
13:25:00,VOEPASS LINHAS AEREAS,1
13:26:00,AZUL CONECTA LTDA,1
13:26:00,GOL LINHAS AEREAS,3
13:26:00,LATAM AIRLINES (TAM),5
13:27:00,AZUL CONECTA LTDA,2
13:27:00,GOL LINHAS AEREAS,1
13:27:00,LATAM AIRLINES (TAM),9
13:27:00,VOEPASS LINHAS AEREAS,1
13:28:00,AZUL CONECTA LTDA,2
13:28:00,GOL LINHAS AEREAS,3
13:28:00,LATAM AIRLINES (TAM),6
13:29:00,AZUL CONECTA LTDA,4
13:29:00,AZUL LINHAS AEREAS,1
13:29:00,GOL LINHAS AEREAS,4
13:29:00,LATAM AIRLINES (TAM),3
13:30:00,AZUL CONECTA LTDA,10
13:30:00,AZUL LINHAS AEREAS,1
13:30:00,GOL LINHAS AEREAS,1
13:30:00,LATAM AIRLINES (TAM),3
13:31:00,AZUL CONECTA LTDA,5
13:31:00,GOL LINHAS AEREAS,1
13:31:00,LATAM AIRLINES (TAM),3
13:32:00,AZUL CONECTA LTDA,9
13:32:00,LATAM AIRLINES (TAM),3
13:33:00,AZUL CONECTA LTDA,11
13:33:00,GOL LINHAS AEREAS,2
13:33:00,LATAM AIRLINES (TAM),6
13:34:00,AZUL CONECTA LTDA,8
13:34:00,GOL LINHAS AEREAS,1
13:34:00,LATAM AIRLINES (TAM),9
13:35:00,AZUL CONECTA LTDA,18
13:35:00,GOL LINHAS AEREAS,1
13:35:00,LATAM AIRLINES (TAM),9
13:36:00,AZUL CONECTA LTDA,8
13:36:00,LATAM AIRLINES (TAM),6
13:36:00,VOEPASS LINHAS AEREAS,1
13:37:00,AZUL CONECTA LTDA,3
13:37:00,AZUL LINHAS AEREAS,1
13:37:00,LATAM AIRLINES (TAM),2
13:38:00,AZUL CONECTA LTDA,11
13:38:00,GOL LINHAS AEREAS,4
13:38:00,LATAM AIRLINES (TAM),5
13:39:00,AZUL CONECTA LTDA,2
13:39:00,AZUL LINHAS AEREAS,1
13:39:00,LATAM AIRLINES (TAM),6
13:40:00,AZUL CONECTA LTDA,13
13:40:00,GOL LINHAS AEREAS,1
13:40:00,LATAM AIRLINES (TAM),3
13:41:00,AZUL LINHAS AEREAS,2
13:41:00,GOL LINHAS AEREAS,1
13:41:00,LATAM AIRLINES (TAM),3
13:42:00,AZUL CONECTA LTDA,2
13:42:00,LATAM AIRLINES (TAM),4
13:43:00,AZUL CONECTA LTDA,3
13:43:00,AZUL LINHAS AEREAS,3
13:43:00,GOL LINHAS AEREAS,1
13:43:00,LATAM AIRLINES (TAM),4
13:44:00,AZUL CONECTA LTDA,5
13:44:00,AZUL LINHAS AEREAS,4
13:44:00,GOL LINHAS AEREAS,1
13:44:00,LATAM AIRLINES (TAM),1
13:45:00,AZUL CONECTA LTDA,3
13:45:00,AZUL LINHAS AEREAS,5
13:45:00,GOL LINHAS AEREAS,2
13:45:00,LATAM AIRLINES (TAM),4
13:46:00,AZUL CONECTA LTDA,2
13:46:00,AZUL LINHAS AEREAS,5
13:46:00,LATAM AIRLINES (TAM),3
13:47:00,AZUL CONECTA LTDA,6
13:47:00,AZUL LINHAS AEREAS,7
13:47:00,GOL LINHAS AEREAS,4
13:47:00,LATAM AIRLINES (TAM),2
13:48:00,AZUL CONECTA LTDA,1
13:48:00,AZUL LINHAS AEREAS,4
13:48:00,GOL LINHAS AEREAS,5
13:48:00,LATAM AIRLINES (TAM),2
13:49:00,AZUL CONECTA LTDA,1
13:49:00,AZUL LINHAS AEREAS,14
13:49:00,GOL LINHAS AEREAS,4
13:49:00,LATAM AIRLINES (TAM),3
13:50:00,AZUL CONECTA LTDA,4
13:50:00,AZUL LINHAS AEREAS,7
13:50:00,GOL LINHAS AEREAS,4
13:51:00,AZUL CONECTA LTDA,2
13:51:00,AZUL LINHAS AEREAS,8
13:51:00,GOL LINHAS AEREAS,5
13:52:00,AZUL CONECTA LTDA,1
13:52:00,AZUL LINHAS AEREAS,7
13:52:00,GOL LINHAS AEREAS,4
13:52:00,LATAM AIRLINES (TAM),3
13:53:00,AZUL CONECTA LTDA,1
13:53:00,AZUL LINHAS AEREAS,4
13:53:00,GOL LINHAS AEREAS,4
13:53:00,LATAM AIRLINES (TAM),1
13:54:00,AZUL CONECTA LTDA,2
13:54:00,AZUL LINHAS AEREAS,7
13:54:00,GOL LINHAS AEREAS,6
13:54:00,LATAM AIRLINES (TAM),2
13:55:00,AZUL CONECTA LTDA,1
13:55:00,AZUL LINHAS AEREAS,11
13:55:00,GOL LINHAS AEREAS,12
13:55:00,LATAM AIRLINES (TAM),1
13:56:00,AZUL LINHAS AEREAS,10
13:56:00,GOL LINHAS AEREAS,10
13:56:00,LATAM AIRLINES (TAM),1
13:57:00,AZUL LINHAS AEREAS,6
13:57:00,GOL LINHAS AEREAS,8
13:58:00,AZUL CONECTA LTDA,1
13:58:00,AZUL LINHAS AEREAS,2
13:58:00,GOL LINHAS AEREAS,7
13:58:00,LATAM AIRLINES (TAM),4
13:59:00,AZUL LINHAS AEREAS,4
13:59:00,GOL LINHAS AEREAS,10
13:59:00,LATAM AIRLINES (TAM),2
14:00:00,AZUL CONECTA LTDA,1
14:00:00,AZUL LINHAS AEREAS,2
14:00:00,GOL LINHAS AEREAS,14
14:01:00,AZUL CONECTA LTDA,1
14:01:00,AZUL LINHAS AEREAS,9
14:01:00,GOL LINHAS AEREAS,5
14:01:00,LATAM AIRLINES (TAM),5
14:02:00,AZUL CONECTA LTDA,1
14:02:00,AZUL LINHAS AEREAS,7
14:02:00,GOL LINHAS AEREAS,10
14:02:00,LATAM AIRLINES (TAM),10
14:03:00,AZUL LINHAS AEREAS,6
14:03:00,GOL LINHAS AEREAS,2
14:03:00,LATAM AIRLINES (TAM),6
14:04:00,AZUL CONECTA LTDA,1
14:04:00,AZUL LINHAS AEREAS,8
14:04:00,GOL LINHAS AEREAS,2
14:04:00,LATAM AIRLINES (TAM),9
14:05:00,AZUL LINHAS AEREAS,3
14:05:00,GOL LINHAS AEREAS,5
14:05:00,LATAM AIRLINES (TAM),9
14:06:00,AZUL LINHAS AEREAS,1
14:06:00,GOL LINHAS AEREAS,3
14:06:00,LATAM AIRLINES (TAM),8
14:07:00,AZUL LINHAS AEREAS,2
14:07:00,GOL LINHAS AEREAS,9
14:07:00,LATAM AIRLINES (TAM),8
14:08:00,AZUL CONECTA LTDA,1
14:08:00,AZUL LINHAS AEREAS,5
14:08:00,GOL LINHAS AEREAS,4
14:08:00,LATAM AIRLINES (TAM),10
14:09:00,AZUL LINHAS AEREAS,5
14:09:00,GOL LINHAS AEREAS,6
14:09:00,LATAM AIRLINES (TAM),5
14:10:00,AZUL LINHAS AEREAS,4
14:10:00,GOL LINHAS AEREAS,3
14:10:00,LATAM AIRLINES (TAM),14
14:10:00,VOEPASS LINHAS AEREAS,1
14:11:00,AZUL LINHAS AEREAS,3
14:11:00,GOL LINHAS AEREAS,4
14:11:00,LATAM AIRLINES (TAM),3
14:12:00,AZUL LINHAS AEREAS,2
14:12:00,GOL LINHAS AEREAS,1
14:12:00,LATAM AIRLINES (TAM),7
14:12:00,VOEPASS LINHAS AEREAS,2
14:13:00,GOL LINHAS AEREAS,1
14:13:00,LATAM AIRLINES (TAM),4
14:14:00,AZUL LINHAS AEREAS,3
14:14:00,LATAM AIRLINES (TAM),4
14:15:00,AZUL CONECTA LTDA,1
14:15:00,AZUL LINHAS AEREAS,2
14:15:00,GOL LINHAS AEREAS,3
14:15:00,LATAM AIRLINES (TAM),2
14:16:00,AZUL LINHAS AEREAS,2
14:16:00,GOL LINHAS AEREAS,2
14:16:00,LATAM AIRLINES (TAM),3
14:17:00,AZUL CONECTA LTDA,1
14:17:00,AZUL LINHAS AEREAS,1
14:17:00,GOL LINHAS AEREAS,3
14:17:00,LATAM AIRLINES (TAM),7
14:18:00,AZUL LINHAS AEREAS,2
14:18:00,GOL LINHAS AEREAS,2
14:18:00,LATAM AIRLINES (TAM),4
14:19:00,AZUL LINHAS AEREAS,2
14:19:00,GOL LINHAS AEREAS,4
14:19:00,LATAM AIRLINES (TAM),2
14:20:00,AZUL CONECTA LTDA,2
14:20:00,AZUL LINHAS AEREAS,4
14:20:00,GOL LINHAS AEREAS,9
14:20:00,LATAM AIRLINES (TAM),2
14:20:00,VOEPASS LINHAS AEREAS,7
14:21:00,GOL LINHAS AEREAS,5
14:21:00,LATAM AIRLINES (TAM),3
14:22:00,AZUL CONECTA LTDA,1
14:22:00,AZUL LINHAS AEREAS,2
14:22:00,GOL LINHAS AEREAS,8
14:23:00,AZUL LINHAS AEREAS,2
14:23:00,GOL LINHAS AEREAS,5
14:23:00,LATAM AIRLINES (TAM),5
14:24:00,GOL LINHAS AEREAS,7
14:24:00,LATAM AIRLINES (TAM),2
14:25:00,AZUL LINHAS AEREAS,1
14:25:00,GOL LINHAS AEREAS,9
14:25:00,LATAM AIRLINES (TAM),3
14:26:00,AZUL CONECTA LTDA,1
14:26:00,GOL LINHAS AEREAS,9
14:26:00,LATAM AIRLINES (TAM),5
14:27:00,AZUL CONECTA LTDA,2
14:27:00,GOL LINHAS AEREAS,7
14:27:00,LATAM AIRLINES (TAM),6
14:28:00,AZUL LINHAS AEREAS,2
14:28:00,GOL LINHAS AEREAS,5
14:28:00,LATAM AIRLINES (TAM),3
14:29:00,AZUL LINHAS AEREAS,1
14:29:00,GOL LINHAS AEREAS,7
14:29:00,LATAM AIRLINES (TAM),5
14:30:00,AZUL CONECTA LTDA,3
14:30:00,GOL LINHAS AEREAS,11
14:30:00,LATAM AIRLINES (TAM),1
14:31:00,GOL LINHAS AEREAS,3
14:31:00,LATAM AIRLINES (TAM),3
14:31:00,VOEPASS LINHAS AEREAS,1
14:32:00,GOL LINHAS AEREAS,6
14:32:00,LATAM AIRLINES (TAM),1
14:33:00,AZUL LINHAS AEREAS,2
14:33:00,GOL LINHAS AEREAS,9
14:33:00,LATAM AIRLINES (TAM),2
14:34:00,AZUL LINHAS AEREAS,1
14:34:00,GOL LINHAS AEREAS,5
14:34:00,LATAM AIRLINES (TAM),2
14:35:00,GOL LINHAS AEREAS,7
14:35:00,LATAM AIRLINES (TAM),3
14:36:00,AZUL LINHAS AEREAS,2
14:36:00,GOL LINHAS AEREAS,5
14:36:00,LATAM AIRLINES (TAM),2
14:37:00,AZUL LINHAS AEREAS,1
14:37:00,GOL LINHAS AEREAS,1
14:37:00,LATAM AIRLINES (TAM),2
14:38:00,AZUL CONECTA LTDA,1
14:38:00,GOL LINHAS AEREAS,5
14:38:00,LATAM AIRLINES (TAM),1
14:39:00,AZUL CONECTA LTDA,1
14:39:00,AZUL LINHAS AEREAS,3
14:39:00,GOL LINHAS AEREAS,6
14:40:00,AZUL CONECTA LTDA,1
14:40:00,AZUL LINHAS AEREAS,1
14:40:00,GOL LINHAS AEREAS,5
14:40:00,LATAM AIRLINES (TAM),2
14:40:00,VOEPASS LINHAS AEREAS,1
14:41:00,GOL LINHAS AEREAS,6
14:41:00,LATAM AIRLINES (TAM),2
14:42:00,AZUL LINHAS AEREAS,2
14:42:00,GOL LINHAS AEREAS,3
14:43:00,AZUL LINHAS AEREAS,1
14:43:00,GOL LINHAS AEREAS,2
14:44:00,AZUL LINHAS AEREAS,1
14:44:00,GOL LINHAS AEREAS,3
14:45:00,AZUL LINHAS AEREAS,3
14:45:00,GOL LINHAS AEREAS,5
14:45:00,LATAM AIRLINES (TAM),1
14:46:00,AZUL LINHAS AEREAS,1
14:46:00,GOL LINHAS AEREAS,4
14:46:00,LATAM AIRLINES (TAM),2
14:47:00,AZUL LINHAS AEREAS,1
14:47:00,GOL LINHAS AEREAS,6
14:48:00,GOL LINHAS AEREAS,3
14:48:00,LATAM AIRLINES (TAM),1
14:49:00,GOL LINHAS AEREAS,5
14:50:00,GOL LINHAS AEREAS,3
14:51:00,GOL LINHAS AEREAS,2
14:51:00,LATAM AIRLINES (TAM),1
14:52:00,AZUL CONECTA LTDA,1
14:52:00,AZUL LINHAS AEREAS,1
14:52:00,GOL LINHAS AEREAS,5
14:52:00,LATAM AIRLINES (TAM),1
14:53:00,GOL LINHAS AEREAS,7
14:54:00,AZUL LINHAS AEREAS,2
14:54:00,GOL LINHAS AEREAS,6
14:54:00,LATAM AIRLINES (TAM),2
14:55:00,AZUL LINHAS AEREAS,2
14:55:00,GOL LINHAS AEREAS,7
14:56:00,AZUL LINHAS AEREAS,1
14:56:00,GOL LINHAS AEREAS,7
14:56:00,LATAM AIRLINES (TAM),4
14:57:00,AZUL CONECTA LTDA,1
14:57:00,AZUL LINHAS AEREAS,3
14:57:00,GOL LINHAS AEREAS,6
14:57:00,LATAM AIRLINES (TAM),5
14:58:00,AZUL LINHAS AEREAS,2
14:58:00,GOL LINHAS AEREAS,8
14:58:00,LATAM AIRLINES (TAM),6
14:59:00,AZUL LINHAS AEREAS,6
14:59:00,GOL LINHAS AEREAS,13
14:59:00,LATAM AIRLINES (TAM),2
15:00:00,AZUL CONECTA LTDA,1
15:00:00,AZUL LINHAS AEREAS,9
15:00:00,GOL LINHAS AEREAS,14
15:00:00,LATAM AIRLINES (TAM),3
15:01:00,AZUL LINHAS AEREAS,5
15:01:00,GOL LINHAS AEREAS,6
15:01:00,LATAM AIRLINES (TAM),4
15:02:00,AZUL LINHAS AEREAS,8
15:02:00,GOL LINHAS AEREAS,5
15:02:00,LATAM AIRLINES (TAM),12
15:03:00,AZUL LINHAS AEREAS,5
15:03:00,GOL LINHAS AEREAS,11
15:03:00,LATAM AIRLINES (TAM),8
15:04:00,AZUL LINHAS AEREAS,2
15:04:00,GOL LINHAS AEREAS,4
15:04:00,LATAM AIRLINES (TAM),9
15:05:00,AZUL CONECTA LTDA,1
15:05:00,AZUL LINHAS AEREAS,8
15:05:00,GOL LINHAS AEREAS,4
15:05:00,LATAM AIRLINES (TAM),5
15:06:00,AZUL LINHAS AEREAS,7
15:06:00,GOL LINHAS AEREAS,6
15:06:00,LATAM AIRLINES (TAM),4
15:07:00,AZUL LINHAS AEREAS,9
15:07:00,GOL LINHAS AEREAS,8
15:07:00,LATAM AIRLINES (TAM),4
15:08:00,AZUL LINHAS AEREAS,5
15:08:00,GOL LINHAS AEREAS,5
15:08:00,LATAM AIRLINES (TAM),6
15:09:00,AZUL LINHAS AEREAS,5
15:09:00,GOL LINHAS AEREAS,9
15:09:00,LATAM AIRLINES (TAM),6
15:10:00,AZUL LINHAS AEREAS,4
15:10:00,GOL LINHAS AEREAS,4
15:10:00,LATAM AIRLINES (TAM),9
15:11:00,AZUL LINHAS AEREAS,7
15:11:00,GOL LINHAS AEREAS,4
15:11:00,LATAM AIRLINES (TAM),5
15:12:00,AZUL CONECTA LTDA,1
15:12:00,AZUL LINHAS AEREAS,4
15:12:00,GOL LINHAS AEREAS,5
15:12:00,LATAM AIRLINES (TAM),7
15:13:00,AZUL LINHAS AEREAS,2
15:13:00,LATAM AIRLINES (TAM),11
15:14:00,AZUL LINHAS AEREAS,4
15:14:00,GOL LINHAS AEREAS,4
15:14:00,LATAM AIRLINES (TAM),7
15:15:00,AZUL LINHAS AEREAS,1
15:15:00,GOL LINHAS AEREAS,1
15:15:00,LATAM AIRLINES (TAM),8
15:16:00,AZUL LINHAS AEREAS,2
15:16:00,GOL LINHAS AEREAS,3
15:16:00,LATAM AIRLINES (TAM),11
15:17:00,AZUL LINHAS AEREAS,2
15:17:00,GOL LINHAS AEREAS,3
15:17:00,LATAM AIRLINES (TAM),4
15:18:00,AZUL CONECTA LTDA,1
15:18:00,AZUL LINHAS AEREAS,1
15:18:00,GOL LINHAS AEREAS,2
15:18:00,LATAM AIRLINES (TAM),5
15:19:00,AZUL CONECTA LTDA,1
15:19:00,GOL LINHAS AEREAS,3
15:19:00,LATAM AIRLINES (TAM),7
15:20:00,AZUL CONECTA LTDA,2
15:20:00,GOL LINHAS AEREAS,6
15:20:00,LATAM AIRLINES (TAM),8
15:21:00,AZUL CONECTA LTDA,1
15:21:00,GOL LINHAS AEREAS,3
15:21:00,LATAM AIRLINES (TAM),2
15:22:00,GOL LINHAS AEREAS,6
15:22:00,LATAM AIRLINES (TAM),8
15:23:00,AZUL LINHAS AEREAS,1
15:23:00,GOL LINHAS AEREAS,8
15:23:00,LATAM AIRLINES (TAM),5
15:24:00,GOL LINHAS AEREAS,9
15:24:00,LATAM AIRLINES (TAM),2
15:25:00,AZUL CONECTA LTDA,2
15:25:00,AZUL LINHAS AEREAS,1
15:25:00,GOL LINHAS AEREAS,7
15:25:00,LATAM AIRLINES (TAM),2
15:26:00,AZUL CONECTA LTDA,2
15:26:00,AZUL LINHAS AEREAS,1
15:26:00,GOL LINHAS AEREAS,7
15:26:00,LATAM AIRLINES (TAM),4
15:27:00,AZUL CONECTA LTDA,2
15:27:00,AZUL LINHAS AEREAS,2
15:27:00,GOL LINHAS AEREAS,3
15:27:00,LATAM AIRLINES (TAM),3
15:28:00,AZUL CONECTA LTDA,5
15:28:00,AZUL LINHAS AEREAS,1
15:28:00,GOL LINHAS AEREAS,4
15:28:00,LATAM AIRLINES (TAM),5
15:29:00,AZUL CONECTA LTDA,4
15:29:00,GOL LINHAS AEREAS,5
15:29:00,LATAM AIRLINES (TAM),1
15:30:00,AZUL CONECTA LTDA,8
15:30:00,AZUL LINHAS AEREAS,2
15:30:00,GOL LINHAS AEREAS,7
15:30:00,LATAM AIRLINES (TAM),2
15:31:00,AZUL CONECTA LTDA,6
15:31:00,GOL LINHAS AEREAS,5
15:31:00,LATAM AIRLINES (TAM),1
15:32:00,AZUL CONECTA LTDA,13
15:32:00,AZUL LINHAS AEREAS,1
15:32:00,GOL LINHAS AEREAS,5
15:32:00,LATAM AIRLINES (TAM),3
15:33:00,AZUL CONECTA LTDA,2
15:33:00,GOL LINHAS AEREAS,8
15:33:00,LATAM AIRLINES (TAM),2
15:34:00,AZUL CONECTA LTDA,7
15:34:00,AZUL LINHAS AEREAS,1
15:34:00,GOL LINHAS AEREAS,8
15:34:00,LATAM AIRLINES (TAM),2
15:35:00,AZUL CONECTA LTDA,14
15:35:00,AZUL LINHAS AEREAS,2
15:35:00,GOL LINHAS AEREAS,11
15:35:00,LATAM AIRLINES (TAM),3
15:36:00,AZUL CONECTA LTDA,7
15:36:00,GOL LINHAS AEREAS,4
15:37:00,AZUL CONECTA LTDA,7
15:37:00,GOL LINHAS AEREAS,6
15:37:00,LATAM AIRLINES (TAM),2
15:38:00,AZUL CONECTA LTDA,10
15:38:00,GOL LINHAS AEREAS,10
15:38:00,LATAM AIRLINES (TAM),3
15:39:00,AZUL CONECTA LTDA,1
15:39:00,AZUL LINHAS AEREAS,1
15:39:00,GOL LINHAS AEREAS,2
15:39:00,LATAM AIRLINES (TAM),1
15:40:00,AZUL CONECTA LTDA,19
15:40:00,AZUL LINHAS AEREAS,3
15:40:00,GOL LINHAS AEREAS,5
15:41:00,AZUL CONECTA LTDA,1
15:41:00,AZUL LINHAS AEREAS,1
15:41:00,GOL LINHAS AEREAS,5
15:41:00,LATAM AIRLINES (TAM),1
15:42:00,AZUL CONECTA LTDA,4
15:42:00,AZUL LINHAS AEREAS,4
15:42:00,GOL LINHAS AEREAS,6
15:42:00,LATAM AIRLINES (TAM),2
15:43:00,AZUL CONECTA LTDA,2
15:43:00,AZUL LINHAS AEREAS,2
15:43:00,GOL LINHAS AEREAS,6
15:43:00,LATAM AIRLINES (TAM),3
15:44:00,AZUL LINHAS AEREAS,6
15:44:00,GOL LINHAS AEREAS,7
15:44:00,LATAM AIRLINES (TAM),2
15:45:00,AZUL CONECTA LTDA,9
15:45:00,AZUL LINHAS AEREAS,1
15:45:00,GOL LINHAS AEREAS,6
15:45:00,LATAM AIRLINES (TAM),6
15:46:00,AZUL LINHAS AEREAS,6
15:46:00,GOL LINHAS AEREAS,8
15:46:00,LATAM AIRLINES (TAM),1
15:47:00,AZUL LINHAS AEREAS,1
15:47:00,GOL LINHAS AEREAS,4
15:47:00,LATAM AIRLINES (TAM),8
15:48:00,GOL LINHAS AEREAS,4
15:48:00,LATAM AIRLINES (TAM),4
15:49:00,AZUL CONECTA LTDA,1
15:49:00,GOL LINHAS AEREAS,2
15:49:00,LATAM AIRLINES (TAM),6
15:50:00,GOL LINHAS AEREAS,2
15:50:00,LATAM AIRLINES (TAM),9
15:51:00,GOL LINHAS AEREAS,6
15:51:00,LATAM AIRLINES (TAM),6
15:52:00,GOL LINHAS AEREAS,3
15:52:00,LATAM AIRLINES (TAM),7
15:53:00,GOL LINHAS AEREAS,5
15:53:00,LATAM AIRLINES (TAM),9
15:54:00,GOL LINHAS AEREAS,3
15:54:00,LATAM AIRLINES (TAM),8
15:55:00,AZUL LINHAS AEREAS,1
15:55:00,GOL LINHAS AEREAS,1
15:55:00,LATAM AIRLINES (TAM),3
15:56:00,AZUL CONECTA LTDA,1
15:56:00,AZUL LINHAS AEREAS,1
15:56:00,GOL LINHAS AEREAS,3
15:56:00,LATAM AIRLINES (TAM),8
15:57:00,AZUL CONECTA LTDA,1
15:57:00,GOL LINHAS AEREAS,3
15:57:00,LATAM AIRLINES (TAM),12
15:58:00,AZUL CONECTA LTDA,1
15:58:00,GOL LINHAS AEREAS,4
15:58:00,LATAM AIRLINES (TAM),7
15:59:00,AZUL CONECTA LTDA,1
15:59:00,AZUL LINHAS AEREAS,1
15:59:00,GOL LINHAS AEREAS,6
15:59:00,LATAM AIRLINES (TAM),9
16:00:00,AZUL CONECTA LTDA,1
16:00:00,AZUL LINHAS AEREAS,2
16:00:00,GOL LINHAS AEREAS,1
16:00:00,LATAM AIRLINES (TAM),5
16:01:00,GOL LINHAS AEREAS,5
16:01:00,LATAM AIRLINES (TAM),9
16:02:00,AZUL CONECTA LTDA,1
16:02:00,GOL LINHAS AEREAS,9
16:02:00,LATAM AIRLINES (TAM),6
16:03:00,AZUL LINHAS AEREAS,2
16:03:00,GOL LINHAS AEREAS,3
16:03:00,LATAM AIRLINES (TAM),8
16:04:00,AZUL LINHAS AEREAS,1
16:04:00,GOL LINHAS AEREAS,4
16:04:00,LATAM AIRLINES (TAM),2
16:05:00,GOL LINHAS AEREAS,11
16:05:00,LATAM AIRLINES (TAM),3
16:06:00,AZUL CONECTA LTDA,1
16:06:00,AZUL LINHAS AEREAS,2
16:06:00,GOL LINHAS AEREAS,8
16:06:00,LATAM AIRLINES (TAM),2
16:07:00,AZUL CONECTA LTDA,3
16:07:00,GOL LINHAS AEREAS,4
16:07:00,LATAM AIRLINES (TAM),2
16:08:00,GOL LINHAS AEREAS,8
16:08:00,LATAM AIRLINES (TAM),1
16:09:00,AZUL CONECTA LTDA,1
16:09:00,AZUL LINHAS AEREAS,3
16:09:00,GOL LINHAS AEREAS,8
16:09:00,LATAM AIRLINES (TAM),5
16:10:00,AZUL LINHAS AEREAS,2
16:10:00,GOL LINHAS AEREAS,3
16:10:00,LATAM AIRLINES (TAM),4
16:11:00,AZUL CONECTA LTDA,1
16:11:00,GOL LINHAS AEREAS,7
16:11:00,LATAM AIRLINES (TAM),9
16:12:00,AZUL CONECTA LTDA,1
16:12:00,AZUL LINHAS AEREAS,2
16:12:00,GOL LINHAS AEREAS,4
16:12:00,LATAM AIRLINES (TAM),3
16:13:00,AZUL CONECTA LTDA,1
16:13:00,AZUL LINHAS AEREAS,5
16:13:00,GOL LINHAS AEREAS,12
16:13:00,LATAM AIRLINES (TAM),5
16:14:00,AZUL LINHAS AEREAS,4
16:14:00,GOL LINHAS AEREAS,7
16:14:00,LATAM AIRLINES (TAM),9
16:15:00,AZUL LINHAS AEREAS,3
16:15:00,GOL LINHAS AEREAS,9
16:15:00,LATAM AIRLINES (TAM),7
16:16:00,AZUL LINHAS AEREAS,3
16:16:00,GOL LINHAS AEREAS,4
16:16:00,LATAM AIRLINES (TAM),10
16:17:00,AZUL LINHAS AEREAS,6
16:17:00,GOL LINHAS AEREAS,6
16:17:00,LATAM AIRLINES (TAM),15
16:18:00,AZUL CONECTA LTDA,1
16:18:00,AZUL LINHAS AEREAS,4
16:18:00,GOL LINHAS AEREAS,7
16:18:00,LATAM AIRLINES (TAM),12
16:19:00,AZUL LINHAS AEREAS,11
16:19:00,GOL LINHAS AEREAS,5
16:19:00,LATAM AIRLINES (TAM),11
16:20:00,AZUL CONECTA LTDA,1
16:20:00,AZUL LINHAS AEREAS,7
16:20:00,GOL LINHAS AEREAS,2
16:20:00,LATAM AIRLINES (TAM),12
16:21:00,AZUL LINHAS AEREAS,7
16:21:00,GOL LINHAS AEREAS,6
16:21:00,LATAM AIRLINES (TAM),13
16:22:00,AZUL LINHAS AEREAS,11
16:22:00,GOL LINHAS AEREAS,4
16:22:00,LATAM AIRLINES (TAM),6
16:23:00,AZUL LINHAS AEREAS,4
16:23:00,GOL LINHAS AEREAS,2
16:23:00,LATAM AIRLINES (TAM),7
16:24:00,AZUL LINHAS AEREAS,8
16:24:00,GOL LINHAS AEREAS,9
16:24:00,LATAM AIRLINES (TAM),8
16:25:00,AZUL CONECTA LTDA,1
16:25:00,AZUL LINHAS AEREAS,5
16:25:00,GOL LINHAS AEREAS,4
16:25:00,LATAM AIRLINES (TAM),13
16:26:00,AZUL LINHAS AEREAS,4
16:26:00,GOL LINHAS AEREAS,3
16:26:00,LATAM AIRLINES (TAM),7
16:27:00,AZUL LINHAS AEREAS,8
16:27:00,GOL LINHAS AEREAS,2
16:27:00,LATAM AIRLINES (TAM),10
16:28:00,AZUL LINHAS AEREAS,5
16:28:00,GOL LINHAS AEREAS,3
16:28:00,LATAM AIRLINES (TAM),7
16:29:00,AZUL LINHAS AEREAS,6
16:29:00,GOL LINHAS AEREAS,3
16:29:00,LATAM AIRLINES (TAM),4
16:30:00,AZUL CONECTA LTDA,4
16:30:00,AZUL LINHAS AEREAS,2
16:30:00,GOL LINHAS AEREAS,3
16:30:00,LATAM AIRLINES (TAM),6
16:31:00,AZUL LINHAS AEREAS,3
16:31:00,GOL LINHAS AEREAS,5
16:31:00,LATAM AIRLINES (TAM),2
16:32:00,AZUL LINHAS AEREAS,5
16:32:00,GOL LINHAS AEREAS,6
16:32:00,LATAM AIRLINES (TAM),2
16:33:00,AZUL LINHAS AEREAS,3
16:33:00,GOL LINHAS AEREAS,2
16:33:00,LATAM AIRLINES (TAM),1
16:34:00,AZUL CONECTA LTDA,1
16:34:00,AZUL LINHAS AEREAS,3
16:34:00,GOL LINHAS AEREAS,10
16:34:00,LATAM AIRLINES (TAM),5
16:35:00,AZUL LINHAS AEREAS,2
16:35:00,GOL LINHAS AEREAS,9
16:35:00,LATAM AIRLINES (TAM),2
16:36:00,AZUL LINHAS AEREAS,2
16:36:00,GOL LINHAS AEREAS,9
16:36:00,LATAM AIRLINES (TAM),2
16:37:00,GOL LINHAS AEREAS,8
16:37:00,LATAM AIRLINES (TAM),1
16:38:00,AZUL LINHAS AEREAS,4
16:38:00,GOL LINHAS AEREAS,7
16:38:00,LATAM AIRLINES (TAM),2
16:39:00,AZUL LINHAS AEREAS,5
16:39:00,GOL LINHAS AEREAS,5
16:39:00,LATAM AIRLINES (TAM),2
16:40:00,AZUL LINHAS AEREAS,2
16:40:00,GOL LINHAS AEREAS,6
16:40:00,LATAM AIRLINES (TAM),1
16:41:00,AZUL LINHAS AEREAS,3
16:41:00,GOL LINHAS AEREAS,9
16:42:00,AZUL LINHAS AEREAS,6
16:42:00,GOL LINHAS AEREAS,11
16:43:00,AZUL CONECTA LTDA,1
16:43:00,GOL LINHAS AEREAS,3
16:43:00,LATAM AIRLINES (TAM),6
16:44:00,AZUL LINHAS AEREAS,2
16:44:00,GOL LINHAS AEREAS,6
16:45:00,AZUL LINHAS AEREAS,1
16:45:00,GOL LINHAS AEREAS,10
16:45:00,LATAM AIRLINES (TAM),2
16:46:00,AZUL LINHAS AEREAS,1
16:46:00,GOL LINHAS AEREAS,7
16:47:00,AZUL LINHAS AEREAS,4
16:47:00,GOL LINHAS AEREAS,6
16:47:00,LATAM AIRLINES (TAM),2
16:48:00,GOL LINHAS AEREAS,5
16:48:00,LATAM AIRLINES (TAM),3
16:49:00,AZUL LINHAS AEREAS,2
16:49:00,GOL LINHAS AEREAS,2
16:49:00,LATAM AIRLINES (TAM),4
16:50:00,AZUL LINHAS AEREAS,2
16:50:00,GOL LINHAS AEREAS,6
16:50:00,LATAM AIRLINES (TAM),3
16:51:00,AZUL LINHAS AEREAS,1
16:51:00,GOL LINHAS AEREAS,6
16:51:00,LATAM AIRLINES (TAM),4
16:52:00,AZUL CONECTA LTDA,2
16:52:00,AZUL LINHAS AEREAS,2
16:52:00,GOL LINHAS AEREAS,4
16:52:00,LATAM AIRLINES (TAM),10
16:53:00,AZUL LINHAS AEREAS,4
16:53:00,GOL LINHAS AEREAS,6
16:53:00,LATAM AIRLINES (TAM),3
16:54:00,AZUL LINHAS AEREAS,2
16:54:00,GOL LINHAS AEREAS,7
16:54:00,LATAM AIRLINES (TAM),7
16:55:00,GOL LINHAS AEREAS,6
16:55:00,LATAM AIRLINES (TAM),7
16:56:00,GOL LINHAS AEREAS,8
16:56:00,LATAM AIRLINES (TAM),5
16:57:00,GOL LINHAS AEREAS,2
16:57:00,LATAM AIRLINES (TAM),11
16:58:00,AZUL LINHAS AEREAS,1
16:58:00,GOL LINHAS AEREAS,3
16:58:00,LATAM AIRLINES (TAM),5
16:59:00,AZUL LINHAS AEREAS,2
16:59:00,GOL LINHAS AEREAS,6
16:59:00,LATAM AIRLINES (TAM),7
17:00:00,AZUL LINHAS AEREAS,1
17:00:00,GOL LINHAS AEREAS,3
17:00:00,LATAM AIRLINES (TAM),5
17:01:00,GOL LINHAS AEREAS,2
17:01:00,LATAM AIRLINES (TAM),2
17:02:00,AZUL LINHAS AEREAS,1
17:02:00,GOL LINHAS AEREAS,2
17:02:00,LATAM AIRLINES (TAM),3
17:03:00,AZUL LINHAS AEREAS,1
17:03:00,GOL LINHAS AEREAS,7
17:03:00,LATAM AIRLINES (TAM),1
17:04:00,GOL LINHAS AEREAS,4
17:04:00,LATAM AIRLINES (TAM),1
17:05:00,AZUL CONECTA LTDA,1
17:05:00,GOL LINHAS AEREAS,5
17:05:00,LATAM AIRLINES (TAM),1
17:06:00,GOL LINHAS AEREAS,3
17:07:00,LATAM AIRLINES (TAM),4
17:08:00,GOL LINHAS AEREAS,3
17:08:00,LATAM AIRLINES (TAM),5
17:09:00,GOL LINHAS AEREAS,5
17:09:00,LATAM AIRLINES (TAM),1
17:10:00,GOL LINHAS AEREAS,4
17:10:00,LATAM AIRLINES (TAM),1
17:11:00,AZUL LINHAS AEREAS,1
17:11:00,GOL LINHAS AEREAS,5
17:11:00,LATAM AIRLINES (TAM),1
17:12:00,AZUL LINHAS AEREAS,3
17:12:00,GOL LINHAS AEREAS,3
17:12:00,LATAM AIRLINES (TAM),1
17:13:00,AZUL LINHAS AEREAS,2
17:13:00,GOL LINHAS AEREAS,4
17:13:00,LATAM AIRLINES (TAM),4
17:14:00,AZUL CONECTA LTDA,1
17:14:00,AZUL LINHAS AEREAS,1
17:14:00,GOL LINHAS AEREAS,4
17:14:00,LATAM AIRLINES (TAM),1
17:15:00,GOL LINHAS AEREAS,3
17:15:00,LATAM AIRLINES (TAM),4
17:16:00,AZUL LINHAS AEREAS,1
17:16:00,GOL LINHAS AEREAS,4
17:16:00,LATAM AIRLINES (TAM),4
17:17:00,AZUL LINHAS AEREAS,4
17:17:00,GOL LINHAS AEREAS,2
17:17:00,LATAM AIRLINES (TAM),3
17:18:00,AZUL CONECTA LTDA,1
17:18:00,AZUL LINHAS AEREAS,3
17:18:00,GOL LINHAS AEREAS,7
17:18:00,LATAM AIRLINES (TAM),2
17:19:00,AZUL CONECTA LTDA,2
17:19:00,AZUL LINHAS AEREAS,3
17:19:00,GOL LINHAS AEREAS,5
17:19:00,LATAM AIRLINES (TAM),6
17:20:00,AZUL LINHAS AEREAS,5
17:20:00,GOL LINHAS AEREAS,5
17:20:00,LATAM AIRLINES (TAM),3
17:21:00,AZUL LINHAS AEREAS,5
17:21:00,GOL LINHAS AEREAS,5
17:21:00,LATAM AIRLINES (TAM),5
17:22:00,AZUL LINHAS AEREAS,11
17:22:00,GOL LINHAS AEREAS,4
17:22:00,LATAM AIRLINES (TAM),3
17:23:00,AZUL LINHAS AEREAS,6
17:23:00,GOL LINHAS AEREAS,3
17:23:00,LATAM AIRLINES (TAM),4
17:24:00,AZUL LINHAS AEREAS,6
17:24:00,GOL LINHAS AEREAS,1
17:24:00,LATAM AIRLINES (TAM),2
17:25:00,AZUL LINHAS AEREAS,7
17:25:00,GOL LINHAS AEREAS,6
17:25:00,LATAM AIRLINES (TAM),2
17:26:00,AZUL LINHAS AEREAS,8
17:26:00,GOL LINHAS AEREAS,8
17:26:00,LATAM AIRLINES (TAM),6
17:27:00,AZUL LINHAS AEREAS,6
17:27:00,GOL LINHAS AEREAS,6
17:27:00,LATAM AIRLINES (TAM),7
17:28:00,AZUL LINHAS AEREAS,5
17:28:00,GOL LINHAS AEREAS,5
17:28:00,LATAM AIRLINES (TAM),6
17:29:00,AZUL LINHAS AEREAS,5
17:29:00,GOL LINHAS AEREAS,12
17:29:00,LATAM AIRLINES (TAM),2
17:30:00,AZUL CONECTA LTDA,1
17:30:00,AZUL LINHAS AEREAS,3
17:30:00,GOL LINHAS AEREAS,6
17:30:00,LATAM AIRLINES (TAM),7
17:31:00,AZUL CONECTA LTDA,1
17:31:00,AZUL LINHAS AEREAS,3
17:31:00,GOL LINHAS AEREAS,7
17:31:00,LATAM AIRLINES (TAM),4
17:32:00,AZUL LINHAS AEREAS,9
17:32:00,GOL LINHAS AEREAS,7
17:32:00,LATAM AIRLINES (TAM),4
17:33:00,AZUL LINHAS AEREAS,5
17:33:00,GOL LINHAS AEREAS,4
17:33:00,LATAM AIRLINES (TAM),4
17:34:00,AZUL LINHAS AEREAS,4
17:34:00,GOL LINHAS AEREAS,4
17:34:00,LATAM AIRLINES (TAM),4
17:35:00,GOL LINHAS AEREAS,15
17:35:00,LATAM AIRLINES (TAM),4
17:36:00,AZUL LINHAS AEREAS,5
17:36:00,GOL LINHAS AEREAS,8
17:36:00,LATAM AIRLINES (TAM),3
17:37:00,GOL LINHAS AEREAS,8
17:37:00,LATAM AIRLINES (TAM),6
17:38:00,AZUL LINHAS AEREAS,1
17:38:00,GOL LINHAS AEREAS,7
17:38:00,LATAM AIRLINES (TAM),7
17:39:00,AZUL LINHAS AEREAS,3
17:39:00,GOL LINHAS AEREAS,7
17:39:00,LATAM AIRLINES (TAM),1
17:40:00,AZUL LINHAS AEREAS,3
17:40:00,GOL LINHAS AEREAS,6
17:40:00,LATAM AIRLINES (TAM),4
17:41:00,AZUL LINHAS AEREAS,1
17:41:00,GOL LINHAS AEREAS,4
17:41:00,LATAM AIRLINES (TAM),2
17:42:00,AZUL LINHAS AEREAS,2
17:42:00,GOL LINHAS AEREAS,3
17:42:00,LATAM AIRLINES (TAM),5
17:43:00,AZUL LINHAS AEREAS,2
17:43:00,GOL LINHAS AEREAS,5
17:43:00,LATAM AIRLINES (TAM),3
17:44:00,GOL LINHAS AEREAS,6
17:44:00,LATAM AIRLINES (TAM),1
17:45:00,AZUL LINHAS AEREAS,5
17:45:00,GOL LINHAS AEREAS,5
17:45:00,LATAM AIRLINES (TAM),4
17:46:00,AZUL LINHAS AEREAS,4
17:46:00,GOL LINHAS AEREAS,2
17:46:00,LATAM AIRLINES (TAM),1
17:47:00,AZUL LINHAS AEREAS,4
17:47:00,GOL LINHAS AEREAS,4
17:47:00,LATAM AIRLINES (TAM),7
17:48:00,AZUL LINHAS AEREAS,2
17:48:00,LATAM AIRLINES (TAM),6
17:49:00,AZUL LINHAS AEREAS,5
17:49:00,GOL LINHAS AEREAS,4
17:49:00,LATAM AIRLINES (TAM),5
17:50:00,AZUL CONECTA LTDA,3
17:50:00,AZUL LINHAS AEREAS,1
17:50:00,GOL LINHAS AEREAS,3
17:50:00,LATAM AIRLINES (TAM),5
17:51:00,AZUL LINHAS AEREAS,5
17:51:00,GOL LINHAS AEREAS,4
17:51:00,LATAM AIRLINES (TAM),9
17:52:00,AZUL CONECTA LTDA,3
17:52:00,AZUL LINHAS AEREAS,1
17:52:00,GOL LINHAS AEREAS,3
17:52:00,LATAM AIRLINES (TAM),4
17:53:00,AZUL CONECTA LTDA,4
17:53:00,AZUL LINHAS AEREAS,1
17:53:00,GOL LINHAS AEREAS,5
17:53:00,LATAM AIRLINES (TAM),11
17:54:00,AZUL CONECTA LTDA,2
17:54:00,GOL LINHAS AEREAS,4
17:54:00,LATAM AIRLINES (TAM),8
17:55:00,AZUL CONECTA LTDA,8
17:55:00,AZUL LINHAS AEREAS,1
17:55:00,LATAM AIRLINES (TAM),3
17:56:00,AZUL CONECTA LTDA,2
17:56:00,AZUL LINHAS AEREAS,1
17:56:00,GOL LINHAS AEREAS,1
17:56:00,LATAM AIRLINES (TAM),2
17:57:00,AZUL CONECTA LTDA,1
17:57:00,GOL LINHAS AEREAS,6
17:57:00,LATAM AIRLINES (TAM),4
17:58:00,AZUL CONECTA LTDA,9
17:58:00,AZUL LINHAS AEREAS,4
17:58:00,GOL LINHAS AEREAS,2
17:58:00,LATAM AIRLINES (TAM),6
17:59:00,AZUL CONECTA LTDA,4
17:59:00,GOL LINHAS AEREAS,3
17:59:00,LATAM AIRLINES (TAM),3
18:00:00,AZUL CONECTA LTDA,10
18:00:00,AZUL LINHAS AEREAS,2
18:00:00,GOL LINHAS AEREAS,1
18:00:00,LATAM AIRLINES (TAM),4
18:01:00,GOL LINHAS AEREAS,2
18:01:00,LATAM AIRLINES (TAM),3
18:02:00,AZUL CONECTA LTDA,7
18:02:00,AZUL LINHAS AEREAS,2
18:02:00,GOL LINHAS AEREAS,3
18:02:00,LATAM AIRLINES (TAM),2
18:03:00,AZUL CONECTA LTDA,2
18:03:00,AZUL LINHAS AEREAS,5
18:03:00,GOL LINHAS AEREAS,2
18:03:00,LATAM AIRLINES (TAM),5
18:04:00,AZUL CONECTA LTDA,3
18:04:00,GOL LINHAS AEREAS,6
18:04:00,LATAM AIRLINES (TAM),3
18:05:00,AZUL CONECTA LTDA,18
18:05:00,GOL LINHAS AEREAS,2
18:05:00,LATAM AIRLINES (TAM),1
18:06:00,AZUL CONECTA LTDA,2
18:06:00,AZUL LINHAS AEREAS,2
18:06:00,GOL LINHAS AEREAS,2
18:06:00,LATAM AIRLINES (TAM),4
18:07:00,AZUL CONECTA LTDA,1
18:07:00,GOL LINHAS AEREAS,5
18:07:00,LATAM AIRLINES (TAM),7
18:08:00,AZUL CONECTA LTDA,1
18:08:00,GOL LINHAS AEREAS,2
18:08:00,LATAM AIRLINES (TAM),4
18:09:00,AZUL CONECTA LTDA,4
18:09:00,GOL LINHAS AEREAS,1
18:09:00,LATAM AIRLINES (TAM),1
18:10:00,AZUL CONECTA LTDA,5
18:10:00,AZUL LINHAS AEREAS,1
18:10:00,GOL LINHAS AEREAS,1
18:10:00,LATAM AIRLINES (TAM),3
18:11:00,AZUL CONECTA LTDA,2
18:11:00,AZUL LINHAS AEREAS,1
18:11:00,GOL LINHAS AEREAS,6
18:11:00,LATAM AIRLINES (TAM),4
18:12:00,AZUL CONECTA LTDA,3
18:12:00,AZUL LINHAS AEREAS,1
18:12:00,GOL LINHAS AEREAS,8
18:12:00,LATAM AIRLINES (TAM),5
18:13:00,AZUL CONECTA LTDA,2
18:13:00,AZUL LINHAS AEREAS,1
18:13:00,GOL LINHAS AEREAS,6
18:13:00,LATAM AIRLINES (TAM),5
18:14:00,AZUL CONECTA LTDA,3
18:14:00,GOL LINHAS AEREAS,4
18:14:00,LATAM AIRLINES (TAM),5
18:15:00,AZUL CONECTA LTDA,4
18:15:00,GOL LINHAS AEREAS,13
18:15:00,LATAM AIRLINES (TAM),1
18:16:00,GOL LINHAS AEREAS,6
18:16:00,LATAM AIRLINES (TAM),1
18:17:00,AZUL CONECTA LTDA,3
18:17:00,AZUL LINHAS AEREAS,2
18:17:00,GOL LINHAS AEREAS,5
18:18:00,GOL LINHAS AEREAS,7
18:19:00,AZUL CONECTA LTDA,2
18:19:00,GOL LINHAS AEREAS,10
18:19:00,LATAM AIRLINES (TAM),2
18:20:00,AZUL CONECTA LTDA,1
18:20:00,AZUL LINHAS AEREAS,1
18:20:00,GOL LINHAS AEREAS,15
18:20:00,LATAM AIRLINES (TAM),3
18:21:00,GOL LINHAS AEREAS,20
18:22:00,AZUL LINHAS AEREAS,1
18:22:00,GOL LINHAS AEREAS,12
18:22:00,LATAM AIRLINES (TAM),2
18:23:00,AZUL CONECTA LTDA,2
18:23:00,GOL LINHAS AEREAS,2
18:23:00,LATAM AIRLINES (TAM),1
18:24:00,GOL LINHAS AEREAS,7
18:24:00,LATAM AIRLINES (TAM),1
18:25:00,AZUL CONECTA LTDA,2
18:25:00,GOL LINHAS AEREAS,15
18:25:00,LATAM AIRLINES (TAM),2
18:26:00,GOL LINHAS AEREAS,6
18:26:00,LATAM AIRLINES (TAM),3
18:27:00,AZUL CONECTA LTDA,3
18:27:00,GOL LINHAS AEREAS,3
18:28:00,AZUL LINHAS AEREAS,1
18:28:00,GOL LINHAS AEREAS,7
18:29:00,GOL LINHAS AEREAS,5
18:29:00,LATAM AIRLINES (TAM),1
18:30:00,AZUL CONECTA LTDA,2
18:30:00,GOL LINHAS AEREAS,3
18:30:00,LATAM AIRLINES (TAM),1
18:31:00,AZUL CONECTA LTDA,3
18:31:00,GOL LINHAS AEREAS,3
18:31:00,VOEPASS LINHAS AEREAS,1
18:32:00,GOL LINHAS AEREAS,4
18:32:00,LATAM AIRLINES (TAM),3
18:33:00,GOL LINHAS AEREAS,9
18:33:00,LATAM AIRLINES (TAM),2
18:34:00,AZUL LINHAS AEREAS,1
18:34:00,GOL LINHAS AEREAS,4
18:34:00,LATAM AIRLINES (TAM),2
18:35:00,AZUL LINHAS AEREAS,1
18:35:00,GOL LINHAS AEREAS,4
18:35:00,LATAM AIRLINES (TAM),1
18:36:00,GOL LINHAS AEREAS,7
18:36:00,LATAM AIRLINES (TAM),3
18:37:00,GOL LINHAS AEREAS,9
18:37:00,LATAM AIRLINES (TAM),1
18:38:00,AZUL LINHAS AEREAS,1
18:38:00,GOL LINHAS AEREAS,7
18:38:00,LATAM AIRLINES (TAM),2
18:39:00,GOL LINHAS AEREAS,2
18:39:00,LATAM AIRLINES (TAM),2
18:40:00,AZUL CONECTA LTDA,1
18:40:00,GOL LINHAS AEREAS,6
18:40:00,LATAM AIRLINES (TAM),2
18:41:00,AZUL CONECTA LTDA,1
18:41:00,GOL LINHAS AEREAS,7
18:41:00,LATAM AIRLINES (TAM),6
18:42:00,AZUL CONECTA LTDA,1
18:42:00,GOL LINHAS AEREAS,10
18:42:00,LATAM AIRLINES (TAM),5
18:43:00,AZUL CONECTA LTDA,1
18:43:00,GOL LINHAS AEREAS,10
18:43:00,LATAM AIRLINES (TAM),2
18:44:00,AZUL CONECTA LTDA,1
18:44:00,GOL LINHAS AEREAS,8
18:44:00,LATAM AIRLINES (TAM),4
18:45:00,AZUL CONECTA LTDA,1
18:45:00,GOL LINHAS AEREAS,6
18:45:00,LATAM AIRLINES (TAM),6
18:46:00,AZUL CONECTA LTDA,1
18:46:00,GOL LINHAS AEREAS,10
18:46:00,LATAM AIRLINES (TAM),7
18:47:00,GOL LINHAS AEREAS,7
18:47:00,LATAM AIRLINES (TAM),7
18:48:00,AZUL CONECTA LTDA,1
18:48:00,GOL LINHAS AEREAS,12
18:48:00,LATAM AIRLINES (TAM),2
18:49:00,GOL LINHAS AEREAS,13
18:49:00,LATAM AIRLINES (TAM),3
18:50:00,AZUL CONECTA LTDA,1
18:50:00,GOL LINHAS AEREAS,10
18:50:00,LATAM AIRLINES (TAM),5
18:51:00,GOL LINHAS AEREAS,9
18:51:00,LATAM AIRLINES (TAM),2
18:52:00,GOL LINHAS AEREAS,10
18:52:00,LATAM AIRLINES (TAM),4
18:53:00,AZUL CONECTA LTDA,1
18:53:00,GOL LINHAS AEREAS,12
18:53:00,LATAM AIRLINES (TAM),3
18:54:00,AZUL LINHAS AEREAS,1
18:54:00,GOL LINHAS AEREAS,11
18:54:00,LATAM AIRLINES (TAM),6
18:55:00,GOL LINHAS AEREAS,12
18:55:00,LATAM AIRLINES (TAM),6
18:56:00,GOL LINHAS AEREAS,5
18:56:00,LATAM AIRLINES (TAM),4
18:57:00,GOL LINHAS AEREAS,3
18:57:00,LATAM AIRLINES (TAM),6
18:58:00,AZUL CONECTA LTDA,1
18:58:00,GOL LINHAS AEREAS,5
18:58:00,LATAM AIRLINES (TAM),5
18:59:00,GOL LINHAS AEREAS,4
18:59:00,LATAM AIRLINES (TAM),4
19:00:00,AZUL CONECTA LTDA,1
19:00:00,GOL LINHAS AEREAS,11
19:00:00,LATAM AIRLINES (TAM),6
19:01:00,GOL LINHAS AEREAS,2
19:01:00,LATAM AIRLINES (TAM),7
19:02:00,AZUL LINHAS AEREAS,1
19:02:00,GOL LINHAS AEREAS,5
19:02:00,LATAM AIRLINES (TAM),7
19:03:00,AZUL CONECTA LTDA,1
19:03:00,AZUL LINHAS AEREAS,2
19:03:00,GOL LINHAS AEREAS,5
19:03:00,LATAM AIRLINES (TAM),4
19:04:00,AZUL LINHAS AEREAS,3
19:04:00,GOL LINHAS AEREAS,1
19:04:00,LATAM AIRLINES (TAM),3
19:05:00,AZUL CONECTA LTDA,1
19:05:00,AZUL LINHAS AEREAS,5
19:05:00,GOL LINHAS AEREAS,1
19:05:00,LATAM AIRLINES (TAM),6
19:06:00,AZUL LINHAS AEREAS,6
19:06:00,GOL LINHAS AEREAS,1
19:06:00,LATAM AIRLINES (TAM),6
19:07:00,AZUL CONECTA LTDA,1
19:07:00,AZUL LINHAS AEREAS,9
19:07:00,GOL LINHAS AEREAS,4
19:07:00,LATAM AIRLINES (TAM),5
19:08:00,AZUL LINHAS AEREAS,6
19:08:00,GOL LINHAS AEREAS,1
19:08:00,LATAM AIRLINES (TAM),5
19:09:00,AZUL LINHAS AEREAS,14
19:09:00,GOL LINHAS AEREAS,3
19:09:00,LATAM AIRLINES (TAM),3
19:10:00,AZUL LINHAS AEREAS,6
19:10:00,GOL LINHAS AEREAS,2
19:10:00,LATAM AIRLINES (TAM),5
19:11:00,AZUL LINHAS AEREAS,5
19:11:00,GOL LINHAS AEREAS,6
19:11:00,LATAM AIRLINES (TAM),8
19:12:00,AZUL LINHAS AEREAS,6
19:12:00,GOL LINHAS AEREAS,5
19:12:00,LATAM AIRLINES (TAM),3
19:13:00,AZUL LINHAS AEREAS,9
19:13:00,GOL LINHAS AEREAS,4
19:13:00,LATAM AIRLINES (TAM),5
19:14:00,AZUL LINHAS AEREAS,9
19:14:00,GOL LINHAS AEREAS,7
19:14:00,LATAM AIRLINES (TAM),5
19:15:00,AZUL LINHAS AEREAS,8
19:15:00,GOL LINHAS AEREAS,5
19:15:00,LATAM AIRLINES (TAM),4
19:16:00,AZUL LINHAS AEREAS,6
19:16:00,GOL LINHAS AEREAS,6
19:16:00,LATAM AIRLINES (TAM),6
19:17:00,AZUL LINHAS AEREAS,5
19:17:00,LATAM AIRLINES (TAM),4
19:18:00,AZUL LINHAS AEREAS,5
19:18:00,GOL LINHAS AEREAS,3
19:18:00,LATAM AIRLINES (TAM),7
19:19:00,AZUL LINHAS AEREAS,2
19:19:00,GOL LINHAS AEREAS,1
19:19:00,LATAM AIRLINES (TAM),9
19:20:00,AZUL LINHAS AEREAS,6
19:20:00,GOL LINHAS AEREAS,3
19:20:00,LATAM AIRLINES (TAM),8
19:21:00,AZUL LINHAS AEREAS,4
19:21:00,GOL LINHAS AEREAS,2
19:21:00,LATAM AIRLINES (TAM),8
19:22:00,AZUL LINHAS AEREAS,6
19:22:00,GOL LINHAS AEREAS,3
19:22:00,LATAM AIRLINES (TAM),10
19:23:00,AZUL CONECTA LTDA,1
19:23:00,AZUL LINHAS AEREAS,4
19:23:00,GOL LINHAS AEREAS,1
19:23:00,LATAM AIRLINES (TAM),11
19:24:00,AZUL LINHAS AEREAS,5
19:24:00,GOL LINHAS AEREAS,5
19:24:00,LATAM AIRLINES (TAM),10
19:25:00,AZUL CONECTA LTDA,1
19:25:00,AZUL LINHAS AEREAS,5
19:25:00,GOL LINHAS AEREAS,8
19:25:00,LATAM AIRLINES (TAM),5
19:26:00,AZUL LINHAS AEREAS,5
19:26:00,GOL LINHAS AEREAS,8
19:26:00,LATAM AIRLINES (TAM),4
19:27:00,AZUL CONECTA LTDA,1
19:27:00,AZUL LINHAS AEREAS,1
19:27:00,GOL LINHAS AEREAS,4
19:27:00,LATAM AIRLINES (TAM),9
19:28:00,AZUL LINHAS AEREAS,3
19:28:00,GOL LINHAS AEREAS,4
19:28:00,LATAM AIRLINES (TAM),5
19:29:00,AZUL LINHAS AEREAS,5
19:29:00,GOL LINHAS AEREAS,5
19:29:00,LATAM AIRLINES (TAM),8
19:30:00,AZUL LINHAS AEREAS,4
19:30:00,GOL LINHAS AEREAS,4
19:30:00,LATAM AIRLINES (TAM),7
19:31:00,AZUL LINHAS AEREAS,1
19:31:00,GOL LINHAS AEREAS,10
19:31:00,LATAM AIRLINES (TAM),4
19:32:00,AZUL LINHAS AEREAS,5
19:32:00,GOL LINHAS AEREAS,8
19:32:00,LATAM AIRLINES (TAM),2
19:33:00,AZUL LINHAS AEREAS,1
19:33:00,GOL LINHAS AEREAS,7
19:33:00,LATAM AIRLINES (TAM),6
19:34:00,AZUL LINHAS AEREAS,2
19:34:00,GOL LINHAS AEREAS,6
19:34:00,LATAM AIRLINES (TAM),4
19:35:00,AZUL LINHAS AEREAS,2
19:35:00,GOL LINHAS AEREAS,10
19:35:00,LATAM AIRLINES (TAM),4
19:36:00,GOL LINHAS AEREAS,10
19:36:00,LATAM AIRLINES (TAM),5
19:37:00,AZUL LINHAS AEREAS,2
19:37:00,GOL LINHAS AEREAS,5
19:37:00,LATAM AIRLINES (TAM),8
19:38:00,AZUL CONECTA LTDA,2
19:38:00,AZUL LINHAS AEREAS,2
19:38:00,GOL LINHAS AEREAS,11
19:38:00,LATAM AIRLINES (TAM),5
19:39:00,GOL LINHAS AEREAS,6
19:39:00,LATAM AIRLINES (TAM),4
19:40:00,GOL LINHAS AEREAS,5
19:40:00,LATAM AIRLINES (TAM),3
19:41:00,AZUL LINHAS AEREAS,1
19:41:00,GOL LINHAS AEREAS,7
19:41:00,LATAM AIRLINES (TAM),2
19:42:00,AZUL LINHAS AEREAS,2
19:42:00,GOL LINHAS AEREAS,7
19:42:00,LATAM AIRLINES (TAM),5
19:43:00,LATAM AIRLINES (TAM),6
19:44:00,AZUL LINHAS AEREAS,2
19:44:00,GOL LINHAS AEREAS,2
19:44:00,LATAM AIRLINES (TAM),1
19:45:00,AZUL LINHAS AEREAS,1
19:45:00,GOL LINHAS AEREAS,2
19:45:00,LATAM AIRLINES (TAM),3
19:46:00,AZUL LINHAS AEREAS,1
19:46:00,GOL LINHAS AEREAS,1
19:46:00,LATAM AIRLINES (TAM),3
19:47:00,AZUL LINHAS AEREAS,4
19:47:00,GOL LINHAS AEREAS,7
19:47:00,LATAM AIRLINES (TAM),7
19:48:00,AZUL LINHAS AEREAS,5
19:48:00,GOL LINHAS AEREAS,6
19:48:00,LATAM AIRLINES (TAM),7
19:49:00,AZUL LINHAS AEREAS,4
19:49:00,GOL LINHAS AEREAS,4
19:49:00,LATAM AIRLINES (TAM),10
19:50:00,AZUL LINHAS AEREAS,6
19:50:00,GOL LINHAS AEREAS,2
19:50:00,LATAM AIRLINES (TAM),7
19:51:00,AZUL LINHAS AEREAS,9
19:51:00,GOL LINHAS AEREAS,3
19:51:00,LATAM AIRLINES (TAM),9
19:52:00,AZUL LINHAS AEREAS,8
19:52:00,GOL LINHAS AEREAS,2
19:52:00,LATAM AIRLINES (TAM),10
19:53:00,AZUL LINHAS AEREAS,9
19:53:00,GOL LINHAS AEREAS,2
19:53:00,LATAM AIRLINES (TAM),12
19:54:00,AZUL LINHAS AEREAS,13
19:54:00,GOL LINHAS AEREAS,7
19:54:00,LATAM AIRLINES (TAM),8
19:55:00,AZUL CONECTA LTDA,5
19:55:00,AZUL LINHAS AEREAS,8
19:55:00,GOL LINHAS AEREAS,7
19:55:00,LATAM AIRLINES (TAM),7
19:56:00,AZUL CONECTA LTDA,5
19:56:00,AZUL LINHAS AEREAS,10
19:56:00,GOL LINHAS AEREAS,3
19:56:00,LATAM AIRLINES (TAM),6
19:57:00,AZUL CONECTA LTDA,3
19:57:00,AZUL LINHAS AEREAS,8
19:57:00,GOL LINHAS AEREAS,7
19:57:00,LATAM AIRLINES (TAM),3
19:58:00,AZUL LINHAS AEREAS,6
19:58:00,GOL LINHAS AEREAS,11
19:58:00,LATAM AIRLINES (TAM),13
19:59:00,AZUL CONECTA LTDA,5
19:59:00,AZUL LINHAS AEREAS,7
19:59:00,GOL LINHAS AEREAS,11
19:59:00,LATAM AIRLINES (TAM),8
20:00:00,AZUL CONECTA LTDA,20
20:00:00,AZUL LINHAS AEREAS,8
20:00:00,GOL LINHAS AEREAS,7
20:00:00,LATAM AIRLINES (TAM),6
20:01:00,AZUL CONECTA LTDA,2
20:01:00,AZUL LINHAS AEREAS,4
20:01:00,GOL LINHAS AEREAS,15
20:01:00,LATAM AIRLINES (TAM),2
20:02:00,AZUL CONECTA LTDA,3
20:02:00,AZUL LINHAS AEREAS,7
20:02:00,GOL LINHAS AEREAS,6
20:02:00,LATAM AIRLINES (TAM),8
20:03:00,AZUL CONECTA LTDA,3
20:03:00,AZUL LINHAS AEREAS,1
20:03:00,GOL LINHAS AEREAS,9
20:03:00,LATAM AIRLINES (TAM),6
20:04:00,AZUL CONECTA LTDA,5
20:04:00,AZUL LINHAS AEREAS,5
20:04:00,GOL LINHAS AEREAS,12
20:04:00,LATAM AIRLINES (TAM),2
20:05:00,AZUL CONECTA LTDA,7
20:05:00,AZUL LINHAS AEREAS,2
20:05:00,GOL LINHAS AEREAS,6
20:05:00,LATAM AIRLINES (TAM),4
20:06:00,AZUL CONECTA LTDA,3
20:06:00,AZUL LINHAS AEREAS,7
20:06:00,GOL LINHAS AEREAS,6
20:06:00,LATAM AIRLINES (TAM),6
20:07:00,AZUL CONECTA LTDA,4
20:07:00,AZUL LINHAS AEREAS,1
20:07:00,GOL LINHAS AEREAS,5
20:07:00,LATAM AIRLINES (TAM),2
20:08:00,AZUL CONECTA LTDA,5
20:08:00,AZUL LINHAS AEREAS,3
20:08:00,GOL LINHAS AEREAS,8
20:08:00,LATAM AIRLINES (TAM),7
20:09:00,AZUL CONECTA LTDA,5
20:09:00,AZUL LINHAS AEREAS,6
20:09:00,GOL LINHAS AEREAS,6
20:09:00,LATAM AIRLINES (TAM),2
20:10:00,AZUL CONECTA LTDA,23
20:10:00,AZUL LINHAS AEREAS,2
20:10:00,GOL LINHAS AEREAS,17
20:10:00,LATAM AIRLINES (TAM),3
20:11:00,GOL LINHAS AEREAS,1
20:11:00,LATAM AIRLINES (TAM),3
20:12:00,AZUL CONECTA LTDA,1
20:12:00,AZUL LINHAS AEREAS,2
20:12:00,GOL LINHAS AEREAS,1
20:12:00,LATAM AIRLINES (TAM),8
20:13:00,AZUL LINHAS AEREAS,3
20:13:00,GOL LINHAS AEREAS,4
20:13:00,LATAM AIRLINES (TAM),6
20:14:00,AZUL CONECTA LTDA,1
20:14:00,GOL LINHAS AEREAS,4
20:14:00,LATAM AIRLINES (TAM),6
20:15:00,AZUL CONECTA LTDA,1
20:15:00,AZUL LINHAS AEREAS,2
20:15:00,GOL LINHAS AEREAS,3
20:15:00,LATAM AIRLINES (TAM),4
20:16:00,AZUL LINHAS AEREAS,6
20:16:00,GOL LINHAS AEREAS,2
20:16:00,LATAM AIRLINES (TAM),3
20:17:00,AZUL CONECTA LTDA,2
20:17:00,AZUL LINHAS AEREAS,5
20:17:00,GOL LINHAS AEREAS,4
20:17:00,LATAM AIRLINES (TAM),3
20:18:00,AZUL LINHAS AEREAS,7
20:18:00,GOL LINHAS AEREAS,1
20:18:00,LATAM AIRLINES (TAM),6
20:19:00,AZUL CONECTA LTDA,1
20:19:00,AZUL LINHAS AEREAS,3
20:19:00,GOL LINHAS AEREAS,3
20:19:00,LATAM AIRLINES (TAM),1
20:20:00,AZUL CONECTA LTDA,4
20:20:00,AZUL LINHAS AEREAS,6
20:20:00,GOL LINHAS AEREAS,3
20:20:00,LATAM AIRLINES (TAM),3
20:21:00,AZUL LINHAS AEREAS,12
20:21:00,GOL LINHAS AEREAS,2
20:21:00,LATAM AIRLINES (TAM),3
20:22:00,AZUL CONECTA LTDA,1
20:22:00,AZUL LINHAS AEREAS,6
20:22:00,LATAM AIRLINES (TAM),4
20:23:00,AZUL CONECTA LTDA,1
20:23:00,AZUL LINHAS AEREAS,4
20:23:00,GOL LINHAS AEREAS,2
20:23:00,LATAM AIRLINES (TAM),5
20:24:00,AZUL LINHAS AEREAS,7
20:24:00,GOL LINHAS AEREAS,5
20:24:00,LATAM AIRLINES (TAM),5
20:25:00,AZUL CONECTA LTDA,1
20:25:00,AZUL LINHAS AEREAS,7
20:25:00,GOL LINHAS AEREAS,1
20:25:00,LATAM AIRLINES (TAM),5
20:26:00,AZUL LINHAS AEREAS,14
20:26:00,GOL LINHAS AEREAS,3
20:26:00,LATAM AIRLINES (TAM),4
20:27:00,AZUL CONECTA LTDA,1
20:27:00,AZUL LINHAS AEREAS,7
20:27:00,GOL LINHAS AEREAS,4
20:27:00,LATAM AIRLINES (TAM),4
20:28:00,AZUL LINHAS AEREAS,3
20:28:00,GOL LINHAS AEREAS,3
20:28:00,LATAM AIRLINES (TAM),7
20:29:00,AZUL CONECTA LTDA,2
20:29:00,AZUL LINHAS AEREAS,5
20:29:00,GOL LINHAS AEREAS,3
20:29:00,LATAM AIRLINES (TAM),6
20:30:00,AZUL CONECTA LTDA,3
20:30:00,AZUL LINHAS AEREAS,6
20:30:00,GOL LINHAS AEREAS,3
20:30:00,LATAM AIRLINES (TAM),12
20:31:00,AZUL LINHAS AEREAS,3
20:31:00,GOL LINHAS AEREAS,3
20:31:00,LATAM AIRLINES (TAM),9
20:32:00,LATAM AIRLINES (TAM),16
20:33:00,AZUL LINHAS AEREAS,3
20:33:00,GOL LINHAS AEREAS,2
20:33:00,LATAM AIRLINES (TAM),15
20:34:00,GOL LINHAS AEREAS,5
20:34:00,LATAM AIRLINES (TAM),13
20:35:00,AZUL LINHAS AEREAS,3
20:35:00,GOL LINHAS AEREAS,2
20:35:00,LATAM AIRLINES (TAM),4
20:36:00,AZUL CONECTA LTDA,1
20:36:00,GOL LINHAS AEREAS,4
20:36:00,LATAM AIRLINES (TAM),11
20:37:00,AZUL CONECTA LTDA,1
20:37:00,AZUL LINHAS AEREAS,2
20:37:00,GOL LINHAS AEREAS,4
20:37:00,LATAM AIRLINES (TAM),13
20:38:00,AZUL LINHAS AEREAS,4
20:38:00,GOL LINHAS AEREAS,5
20:38:00,LATAM AIRLINES (TAM),8
20:39:00,AZUL LINHAS AEREAS,1
20:39:00,GOL LINHAS AEREAS,8
20:39:00,LATAM AIRLINES (TAM),8
20:40:00,AZUL LINHAS AEREAS,1
20:40:00,GOL LINHAS AEREAS,8
20:40:00,LATAM AIRLINES (TAM),13
20:41:00,AZUL LINHAS AEREAS,4
20:41:00,GOL LINHAS AEREAS,5
20:41:00,LATAM AIRLINES (TAM),7
20:42:00,AZUL LINHAS AEREAS,2
20:42:00,GOL LINHAS AEREAS,6
20:42:00,LATAM AIRLINES (TAM),9
20:43:00,AZUL LINHAS AEREAS,1
20:43:00,GOL LINHAS AEREAS,9
20:43:00,LATAM AIRLINES (TAM),6
20:44:00,AZUL CONECTA LTDA,1
20:44:00,AZUL LINHAS AEREAS,2
20:44:00,GOL LINHAS AEREAS,5
20:44:00,LATAM AIRLINES (TAM),2
20:45:00,AZUL LINHAS AEREAS,3
20:45:00,GOL LINHAS AEREAS,6
20:45:00,LATAM AIRLINES (TAM),5
20:46:00,AZUL LINHAS AEREAS,2
20:46:00,GOL LINHAS AEREAS,7
20:46:00,LATAM AIRLINES (TAM),10
20:47:00,AZUL LINHAS AEREAS,2
20:47:00,GOL LINHAS AEREAS,6
20:47:00,LATAM AIRLINES (TAM),7
20:48:00,AZUL LINHAS AEREAS,3
20:48:00,GOL LINHAS AEREAS,5
20:48:00,LATAM AIRLINES (TAM),6
20:49:00,AZUL LINHAS AEREAS,5
20:49:00,GOL LINHAS AEREAS,7
20:49:00,LATAM AIRLINES (TAM),4
20:50:00,AZUL CONECTA LTDA,1
20:50:00,AZUL LINHAS AEREAS,1
20:50:00,GOL LINHAS AEREAS,5
20:50:00,LATAM AIRLINES (TAM),4
20:51:00,AZUL LINHAS AEREAS,3
20:51:00,GOL LINHAS AEREAS,8
20:51:00,LATAM AIRLINES (TAM),7
20:52:00,AZUL CONECTA LTDA,1
20:52:00,AZUL LINHAS AEREAS,4
20:52:00,GOL LINHAS AEREAS,3
20:52:00,LATAM AIRLINES (TAM),6
20:53:00,AZUL LINHAS AEREAS,3
20:53:00,GOL LINHAS AEREAS,4
20:53:00,LATAM AIRLINES (TAM),7
20:54:00,AZUL LINHAS AEREAS,1
20:54:00,GOL LINHAS AEREAS,3
20:54:00,LATAM AIRLINES (TAM),4
20:55:00,AZUL CONECTA LTDA,1
20:55:00,AZUL LINHAS AEREAS,2
20:55:00,GOL LINHAS AEREAS,6
20:55:00,LATAM AIRLINES (TAM),9
20:56:00,AZUL CONECTA LTDA,1
20:56:00,AZUL LINHAS AEREAS,1
20:56:00,GOL LINHAS AEREAS,6
20:56:00,LATAM AIRLINES (TAM),11
20:57:00,AZUL LINHAS AEREAS,2
20:57:00,GOL LINHAS AEREAS,4
20:57:00,LATAM AIRLINES (TAM),6
20:58:00,AZUL LINHAS AEREAS,1
20:58:00,GOL LINHAS AEREAS,4
20:58:00,LATAM AIRLINES (TAM),5
20:59:00,AZUL LINHAS AEREAS,1
20:59:00,GOL LINHAS AEREAS,2
20:59:00,LATAM AIRLINES (TAM),2
21:00:00,AZUL LINHAS AEREAS,1
21:00:00,GOL LINHAS AEREAS,5
21:00:00,LATAM AIRLINES (TAM),9
21:01:00,AZUL CONECTA LTDA,1
21:01:00,AZUL LINHAS AEREAS,2
21:01:00,GOL LINHAS AEREAS,4
21:01:00,LATAM AIRLINES (TAM),11
21:02:00,AZUL LINHAS AEREAS,4
21:02:00,GOL LINHAS AEREAS,3
21:02:00,LATAM AIRLINES (TAM),9
21:03:00,AZUL LINHAS AEREAS,3
21:03:00,LATAM AIRLINES (TAM),9
21:04:00,AZUL LINHAS AEREAS,6
21:04:00,GOL LINHAS AEREAS,4
21:04:00,LATAM AIRLINES (TAM),9
21:05:00,AZUL CONECTA LTDA,1
21:05:00,AZUL LINHAS AEREAS,12
21:05:00,GOL LINHAS AEREAS,4
21:05:00,LATAM AIRLINES (TAM),6
21:06:00,AZUL LINHAS AEREAS,11
21:06:00,GOL LINHAS AEREAS,4
21:06:00,LATAM AIRLINES (TAM),9
21:07:00,AZUL LINHAS AEREAS,9
21:07:00,GOL LINHAS AEREAS,1
21:07:00,LATAM AIRLINES (TAM),3
21:08:00,AZUL LINHAS AEREAS,6
21:08:00,GOL LINHAS AEREAS,2
21:08:00,LATAM AIRLINES (TAM),8
21:09:00,AZUL LINHAS AEREAS,9
21:09:00,GOL LINHAS AEREAS,3
21:09:00,LATAM AIRLINES (TAM),10
21:10:00,AZUL LINHAS AEREAS,10
21:10:00,LATAM AIRLINES (TAM),5
21:11:00,AZUL CONECTA LTDA,1
21:11:00,AZUL LINHAS AEREAS,9
21:11:00,GOL LINHAS AEREAS,1
21:11:00,LATAM AIRLINES (TAM),12
21:12:00,AZUL LINHAS AEREAS,9
21:12:00,GOL LINHAS AEREAS,4
21:12:00,LATAM AIRLINES (TAM),12
21:13:00,AZUL LINHAS AEREAS,5
21:13:00,GOL LINHAS AEREAS,3
21:13:00,LATAM AIRLINES (TAM),15
21:14:00,AZUL LINHAS AEREAS,6
21:14:00,GOL LINHAS AEREAS,1
21:14:00,LATAM AIRLINES (TAM),9
21:15:00,AZUL CONECTA LTDA,1
21:15:00,AZUL LINHAS AEREAS,6
21:15:00,LATAM AIRLINES (TAM),11
21:16:00,AZUL CONECTA LTDA,1
21:16:00,AZUL LINHAS AEREAS,6
21:16:00,LATAM AIRLINES (TAM),17
21:17:00,AZUL LINHAS AEREAS,6
21:17:00,LATAM AIRLINES (TAM),14
21:18:00,AZUL CONECTA LTDA,1
21:18:00,AZUL LINHAS AEREAS,4
21:18:00,GOL LINHAS AEREAS,1
21:18:00,LATAM AIRLINES (TAM),9
21:19:00,AZUL LINHAS AEREAS,4
21:19:00,GOL LINHAS AEREAS,1
21:19:00,LATAM AIRLINES (TAM),9
21:20:00,AZUL LINHAS AEREAS,1
21:20:00,LATAM AIRLINES (TAM),11
21:21:00,AZUL LINHAS AEREAS,3
21:21:00,LATAM AIRLINES (TAM),2
21:22:00,AZUL LINHAS AEREAS,5
21:22:00,GOL LINHAS AEREAS,3
21:22:00,LATAM AIRLINES (TAM),6
21:23:00,AZUL LINHAS AEREAS,8
21:23:00,GOL LINHAS AEREAS,1
21:23:00,LATAM AIRLINES (TAM),4
21:24:00,AZUL LINHAS AEREAS,4
21:24:00,GOL LINHAS AEREAS,1
21:24:00,LATAM AIRLINES (TAM),3
21:25:00,AZUL LINHAS AEREAS,4
21:25:00,GOL LINHAS AEREAS,2
21:25:00,LATAM AIRLINES (TAM),3
21:26:00,AZUL CONECTA LTDA,1
21:26:00,GOL LINHAS AEREAS,1
21:26:00,LATAM AIRLINES (TAM),2
21:27:00,AZUL LINHAS AEREAS,3
21:27:00,GOL LINHAS AEREAS,2
21:27:00,LATAM AIRLINES (TAM),2
21:28:00,AZUL LINHAS AEREAS,4
21:28:00,GOL LINHAS AEREAS,1
21:28:00,LATAM AIRLINES (TAM),6
21:29:00,AZUL CONECTA LTDA,1
21:29:00,AZUL LINHAS AEREAS,4
21:29:00,GOL LINHAS AEREAS,2
21:29:00,LATAM AIRLINES (TAM),7
21:30:00,LATAM AIRLINES (TAM),1
21:31:00,AZUL LINHAS AEREAS,2
21:31:00,GOL LINHAS AEREAS,2
21:31:00,LATAM AIRLINES (TAM),3
21:32:00,AZUL LINHAS AEREAS,1
21:32:00,LATAM AIRLINES (TAM),2
21:33:00,AZUL LINHAS AEREAS,4
21:33:00,GOL LINHAS AEREAS,1
21:33:00,LATAM AIRLINES (TAM),4
21:34:00,LATAM AIRLINES (TAM),1
21:35:00,LATAM AIRLINES (TAM),2
21:36:00,AZUL LINHAS AEREAS,1
21:36:00,GOL LINHAS AEREAS,1
21:36:00,LATAM AIRLINES (TAM),3
21:37:00,AZUL LINHAS AEREAS,1
21:37:00,LATAM AIRLINES (TAM),3
21:38:00,AZUL LINHAS AEREAS,2
21:38:00,GOL LINHAS AEREAS,1
21:38:00,LATAM AIRLINES (TAM),1
21:39:00,LATAM AIRLINES (TAM),5
21:40:00,AZUL CONECTA LTDA,2
21:40:00,LATAM AIRLINES (TAM),2
21:41:00,AZUL LINHAS AEREAS,2
21:41:00,GOL LINHAS AEREAS,2
21:41:00,LATAM AIRLINES (TAM),2
21:42:00,LATAM AIRLINES (TAM),2
21:43:00,AZUL LINHAS AEREAS,1
21:44:00,AZUL LINHAS AEREAS,1
21:44:00,GOL LINHAS AEREAS,1
21:45:00,AZUL LINHAS AEREAS,2
21:45:00,LATAM AIRLINES (TAM),1
21:46:00,AZUL LINHAS AEREAS,2
21:46:00,GOL LINHAS AEREAS,1
21:47:00,AZUL CONECTA LTDA,1
21:47:00,AZUL LINHAS AEREAS,1
21:47:00,LATAM AIRLINES (TAM),1
21:48:00,AZUL LINHAS AEREAS,1
21:48:00,GOL LINHAS AEREAS,2
21:49:00,AZUL LINHAS AEREAS,1
21:49:00,GOL LINHAS AEREAS,1
21:49:00,LATAM AIRLINES (TAM),1
21:50:00,AZUL LINHAS AEREAS,1
21:51:00,GOL LINHAS AEREAS,1
21:52:00,GOL LINHAS AEREAS,1
21:52:00,LATAM AIRLINES (TAM),5
21:53:00,AZUL LINHAS AEREAS,1
21:53:00,LATAM AIRLINES (TAM),1
21:54:00,AZUL LINHAS AEREAS,1
21:54:00,GOL LINHAS AEREAS,1
21:54:00,LATAM AIRLINES (TAM),2
21:55:00,LATAM AIRLINES (TAM),1
21:56:00,AZUL LINHAS AEREAS,2
21:56:00,LATAM AIRLINES (TAM),2
21:57:00,AZUL LINHAS AEREAS,1
21:57:00,GOL LINHAS AEREAS,1
21:57:00,LATAM AIRLINES (TAM),1
21:58:00,AZUL LINHAS AEREAS,2
21:59:00,GOL LINHAS AEREAS,1
21:59:00,LATAM AIRLINES (TAM),1
22:00:00,LATAM AIRLINES (TAM),1
22:01:00,GOL LINHAS AEREAS,1
22:02:00,AZUL LINHAS AEREAS,1
22:02:00,GOL LINHAS AEREAS,1
22:03:00,AZUL LINHAS AEREAS,1
22:04:00,GOL LINHAS AEREAS,2
22:04:00,LATAM AIRLINES (TAM),1
22:05:00,AZUL LINHAS AEREAS,1
22:05:00,LATAM AIRLINES (TAM),2
22:06:00,LATAM AIRLINES (TAM),2
22:10:00,GOL LINHAS AEREAS,1
22:11:00,AZUL LINHAS AEREAS,1
22:11:00,GOL LINHAS AEREAS,1
22:14:00,LATAM AIRLINES (TAM),1
22:33:00,GOL LINHAS AEREAS,1
