data_mes,NOME FANTASIA,total_reclamacoes
2024-06-01,AZUL LINHAS AEREAS,2597
2024-06-01,GOL LINHAS AEREAS,1202
2024-06-01,LATAM AIRLINES (TAM),2126
2024-06-01,VOEPASS LINHAS AEREAS,47
2024-07-01,AZUL LINHAS AEREAS,2344
2024-07-01,GOL LINHAS AEREAS,1255
2024-07-01,LATAM AIRLINES (TAM),1990
2024-07-01,VOEPASS LINHAS AEREAS,31
2024-08-01,AZUL LINHAS AEREAS,2440
2024-08-01,GOL LINHAS AEREAS,1211
2024-08-01,LATAM AIRLINES (TAM),2233
2024-08-01,VOEPASS LINHAS AEREAS,95
2024-09-01,AZUL LINHAS AEREAS,2499
2024-09-01,GOL LINHAS AEREAS,1265
2024-09-01,LATAM AIRLINES (TAM),1912
2024-09-01,VOEPASS LINHAS AEREAS,81
2024-10-01,AZUL LINHAS AEREAS,3219
2024-10-01,GOL LINHAS AEREAS,1353
2024-10-01,LATAM AIRLINES (TAM),2341
2024-10-01,VOEPASS LINHAS AEREAS,59
2024-11-01,AZUL LINHAS AEREAS,3071
2024-11-01,GOL LINHAS AEREAS,1456
2024-11-01,LATAM AIRLINES (TAM),2474
2024-11-01,VOEPASS LINHAS AEREAS,43
2024-12-01,AZUL LINHAS AEREAS,2878
2024-12-01,GOL LINHAS AEREAS,1392
2024-12-01,LATAM AIRLINES (TAM),2191
2024-12-01,VOEPASS LINHAS AEREAS,45
