HORA,EMPRESA AEREA,AQO
5.0,AZUL LINHAS AEREAS,43148.76411516662
5.0,GOL LINHAS AEREAS,66805.2585956058
6.0,AZUL CONECTA LTDA,3087.2782320459787
6.0,AZUL LINHAS AEREAS,43144.784281074586
6.0,GOL LINHAS AEREAS,65466.89313244646
6.0,LATAM AIRLINES (TAM),52819.34685962343
7.0,AZUL CONECTA LTDA,3087.2782320459787
7.0,AZUL LINHAS AEREAS,48700.98534749351
7.0,GOL LINHAS AEREAS,65778.67978779176
7.0,LATAM AIRLINES (TAM),52876.60149355737
8.0,AZUL CONECTA LTDA,3087.2782320459787
8.0,AZUL LINHAS AEREAS,43298.55902592472
8.0,GOL LINHAS AEREAS,63842.466569842254
8.0,LATAM AIRLINES (TAM),52650.35558079956
9.0,AZUL CONECTA LTDA,3087.2782320459787
9.0,AZUL LINHAS AEREAS,43132.8447787985
9.0,GOL LINHAS AEREAS,66861.48234531788
9.0,LATAM AIRLINES (TAM),52643.40567151852
9.0,VOEPASS LINHAS AEREAS,24457.152948995
10.0,AZUL CONECTA LTDA,3087.2782320459787
10.0,AZUL LINHAS AEREAS,43148.76411516662
10.0,GOL LINHAS AEREAS,65847.44686264804
10.0,LATAM AIRLINES (TAM),52652.54660239108
11.0,AZUL CONECTA LTDA,3087.2782320459787
11.0,AZUL LINHAS AEREAS,43148.76411516662
11.0,GOL LINHAS AEREAS,65487.62961083611
11.0,LATAM AIRLINES (TAM),52651.003530199974
12.0,AZUL CONECTA LTDA,3087.2782320459787
12.0,AZUL LINHAS AEREAS,43140.979384744845
12.0,GOL LINHAS AEREAS,64811.26775888836
12.0,LATAM AIRLINES (TAM),52656.118920203335
12.0,VOEPASS LINHAS AEREAS,24457.152948995
13.0,AZUL CONECTA LTDA,3087.2782320459787
13.0,AZUL LINHAS AEREAS,43136.8580568745
13.0,GOL LINHAS AEREAS,66342.40793133996
13.0,LATAM AIRLINES (TAM),52706.3210786502
13.0,VOEPASS LINHAS AEREAS,24457.152948995
14.0,AZUL CONECTA LTDA,3087.2782320459787
14.0,AZUL LINHAS AEREAS,43148.76411516662
14.0,GOL LINHAS AEREAS,66069.18565409875
14.0,LATAM AIRLINES (TAM),52651.7964156505
14.0,VOEPASS LINHAS AEREAS,24457.152948995
15.0,AZUL CONECTA LTDA,3087.2782320459787
15.0,AZUL LINHAS AEREAS,43143.31480387138
15.0,GOL LINHAS AEREAS,64978.90141491356
15.0,LATAM AIRLINES (TAM),52653.284490988364
16.0,AZUL CONECTA LTDA,3087.2782320459787
16.0,AZUL LINHAS AEREAS,43144.8065147846
16.0,GOL LINHAS AEREAS,64530.05642379602
16.0,LATAM AIRLINES (TAM),52681.04712103661
17.0,AZUL CONECTA LTDA,3087.2782320459787
17.0,AZUL LINHAS AEREAS,43139.90898431185
17.0,GOL LINHAS AEREAS,63389.411169786945
17.0,LATAM AIRLINES (TAM),52706.49349248931
18.0,AZUL CONECTA LTDA,3087.2782320459787
18.0,AZUL LINHAS AEREAS,43148.76411516662
18.0,GOL LINHAS AEREAS,63997.19425576127
18.0,LATAM AIRLINES (TAM),52646.45969215231
18.0,VOEPASS LINHAS AEREAS,24457.152948995
19.0,AZUL CONECTA LTDA,3087.2782320459787
19.0,AZUL LINHAS AEREAS,43135.836916838496
19.0,GOL LINHAS AEREAS,63979.838442149936
19.0,LATAM AIRLINES (TAM),52644.276441976384
20.0,AZUL CONECTA LTDA,3087.2782320459787
20.0,AZUL LINHAS AEREAS,43148.76411516662
20.0,GOL LINHAS AEREAS,65403.34740034872
20.0,LATAM AIRLINES (TAM),52684.458134676126
21.0,AZUL CONECTA LTDA,3087.278232045979
21.0,AZUL LINHAS AEREAS,43137.80931410918
21.0,GOL LINHAS AEREAS,67256.79070484453
21.0,LATAM AIRLINES (TAM),52735.25406144151
22.0,AZUL LINHAS AEREAS,43148.76411516662
22.0,GOL LINHAS AEREAS,65388.36507963963
22.0,LATAM AIRLINES (TAM),52656.118920203335
