{
  "annotations": {
    "list": [
      {
        "builtIn": 1,
        "datasource": {
          "type": "grafana",
          "uid": "-- Grafana --"
        },
        "enable": true,
        "hide": true,
        "iconColor": "rgba(0, 211, 255, 1)",
        "name": "Annotations & Alerts",
        "type": "dashboard"
      }
    ]
  },
  "editable": true,
  "fiscalYearStartMonth": 0,
  "graphTooltip": 0,
  "id": 0,
  "links": [],
  "panels": [
    {
      "datasource": {
        "type": "grafana-athena-datasource",
        "uid": "bezcibnaz1lvkf"
      },
      "fieldConfig": {
        "defaults": {
          "color": {
            "mode": "continuous-GrYlRd"
          },
          "mappings": [],
          "thresholds": {
            "mode": "absolute",
            "steps": [
              {
                "color": "green",
                "value": 0
              },
              {
                "color": "red",
                "value": 80
              }
            ]
          }
        },
        "overrides": []
      },
      "gridPos": {
        "h": 10,
        "w": 12,
        "x": 0,
        "y": 0
      },
      "id": 2,
      "options": {
        "displayMode": "basic",
        "legend": {
          "calcs": [],
          "displayMode": "list",
          "placement": "bottom",
          "showLegend": false
        },
        "maxVizHeight": 300,
        "minVizHeight": 16,
        "minVizWidth": 8,
        "namePlacement": "auto",
        "orientation": "horizontal",
        "reduceOptions": {
          "calcs": [],
          "fields": "",
          "values": true
        },
        "showUnfilled": true,
        "sizing": "auto",
        "valueMode": "color"
      },
      "pluginVersion": "12.2.0",
      "targets": [
        {
          "connectionArgs": {
            "catalog": "__default",
            "database": "__default",
            "region": "__default",
            "resultReuseEnabled": false,
            "resultReuseMaxAgeInMinutes": 60
          },
          "format": 1,
          "rawSQL": "SELECT\r\n  cidade AS \"Cidade\",\r\n  COUNT(*) AS \"Total de Reclamações\"\r\nFROM\r\n  reclamacoes\r\nWHERE\r\n  \"nome fantasia\" = 'LATAM AIRLINES (TAM)'\r\nGROUP BY\r\n  cidade\r\nORDER BY\r\n  \"Total de Reclamações\" DESC\r\nLIMIT 10;",
          "refId": "A"
        }
      ],
      "title": "Reclamações por cidade (LATAM)",
      "type": "bargauge"
    },
    {
      "datasource": {
        "type": "grafana-athena-datasource",
        "uid": "bezcibnaz1lvkf"
      },
      "fieldConfig": {
        "defaults": {
          "color": {
            "mode": "continuous-GrYlRd"
          },
          "mappings": [],
          "thresholds": {
            "mode": "absolute",
            "steps": [
              {
                "color": "green",
                "value": 0
              },
              {
                "color": "red",
                "value": 80
              }
            ]
          }
        },
        "overrides": []
      },
      "gridPos": {
        "h": 10,
        "w": 12,
        "x": 12,
        "y": 0
      },
      "id": 3,
      "options": {
        "displayMode": "basic",
        "legend": {
          "calcs": [],
          "displayMode": "list",
          "placement": "bottom",
          "showLegend": false
        },
        "maxVizHeight": 300,
        "minVizHeight": 16,
        "minVizWidth": 8,
        "namePlacement": "auto",
        "orientation": "horizontal",
        "reduceOptions": {
          "calcs": [
            "lastNotNull"
          ],
          "fields": "",
          "values": true
        },
        "showUnfilled": true,
        "sizing": "auto",
        "valueMode": "color"
      },
      "pluginVersion": "12.2.0",
      "targets": [
        {
          "connectionArgs": {
            "catalog": "__default",
            "database": "__default",
            "region": "__default",
            "resultReuseEnabled": false,
            "resultReuseMaxAgeInMinutes": 60
          },
          "format": 1,
          "rawSQL": "SELECT\r\n  \"grupo problema\" AS \"Grupo do Problema\",\r\n  COUNT(*) AS \"Total de Reclamações\"\r\nFROM\r\n  reclamacoes\r\nWHERE\r\n  \"nome fantasia\" = 'LATAM AIRLINES (TAM)'\r\nGROUP BY\r\n  \"grupo problema\"\r\nORDER BY\r\n  \"Total de Reclamações\" DESC;",
          "refId": "A"
        }
      ],
      "title": "Tipos de reclamações",
      "type": "bargauge"
    },
    {
      "datasource": {
        "type": "grafana-athena-datasource",
        "uid": "bezcibnaz1lvkf"
      },
      "fieldConfig": {
        "defaults": {
          "color": {
            "mode": "palette-classic"
          },
          "custom": {
            "axisBorderShow": false,
            "axisCenteredZero": false,
            "axisColorMode": "text",
            "axisLabel": "",
            "axisPlacement": "auto",
            "fillOpacity": 80,
            "gradientMode": "none",
            "hideFrom": {
              "legend": false,
              "tooltip": false,
              "viz": false
            },
            "lineWidth": 1,
            "scaleDistribution": {
              "type": "linear"
            },
            "thresholdsStyle": {
              "mode": "off"
            }
          },
          "mappings": [],
          "thresholds": {
            "mode": "absolute",
            "steps": [
              {
                "color": "green",
                "value": 0
              },
              {
                "color": "red",
                "value": 80
              }
            ]
          },
          "unit": "short"
        },
        "overrides": []
      },
      "gridPos": {
        "h": 8,
        "w": 24,
        "x": 0,
        "y": 10
      },
      "id": 1,
      "options": {
        "barRadius": 0,
        "barWidth": 0.97,
        "fullHighlight": false,
        "groupWidth": 0.7,
        "legend": {
          "calcs": [],
          "displayMode": "list",
          "placement": "right",
          "showLegend": false
        },
        "orientation": "auto",
        "showValue": "never",
        "stacking": "none",
        "tooltip": {
          "hideZeros": false,
          "mode": "single",
          "sort": "none"
        },
        "xTickLabelRotation": 25,
        "xTickLabelSpacing": 0
      },
      "pluginVersion": "12.2.0",
      "targets": [
        {
          "connectionArgs": {
            "catalog": "__default",
            "database": "__default",
            "region": "__default",
            "resultReuseEnabled": false,
            "resultReuseMaxAgeInMinutes": 60
          },
          "datasource": {
            "type": "grafana-athena-datasource",
            "uid": "bezcibnaz1lvkf"
          },
          "format": 1,
          "rawSQL": "SELECT\r\n  CAST(\"data_mes\" AS TIMESTAMP) AS \"time\",\r\n  \"nome fantasia\",\r\n  -- CORREÇÃO: Força a conversão da coluna de reclamações para um número (Double)\r\n  CAST(\"total_reclamacoes\" AS DOUBLE) AS \"total_reclamacoes\"\r\nFROM\r\n  datamart03\r\nWHERE\r\n  $__timeFilter(CAST(\"data_mes\" AS DATE))\r\nORDER BY\r\n  \"time\" ASC;",
          "refId": "A"
        }
      ],
      "title": "Comparação de reclamações (mês por empresa) ",
      "type": "barchart"
    }
  ],
  "preload": false,
  "schemaVersion": 42,
  "tags": [],
  "templating": {
    "list": []
  },
  "time": {
    "from": "2024-06-01T00:00:00.000Z",
    "to": "2024-12-01T00:00:00.000Z"
  },
  "timepicker": {},
  "timezone": "browser",
  "title": "dash_reclamacoes",
  "uid": "adg67ng",
  "version": 8
}