{
  "annotations": {
    "list": [
      {
        "builtIn": 1,
        "datasource": {
          "type": "grafana",
          "uid": "-- Grafana --"
        },
        "enable": true,
        "hide": true,
        "iconColor": "rgba(0, 211, 255, 1)",
        "name": "Annotations & Alerts",
        "type": "dashboard"
      }
    ]
  },
  "editable": true,
  "fiscalYearStartMonth": 0,
  "graphTooltip": 0,
  "id": 0,
  "links": [],
  "panels": [
    {
      "datasource": {
        "type": "grafana-athena-datasource",
        "uid": "bezcibnaz1lvkf"
      },
      "fieldConfig": {
        "defaults": {
          "mappings": [],
          "thresholds": {
            "mode": "percentage",
            "steps": [
              {
                "color": "green",
                "value": 0
              },
              {
                "color": "orange",
                "value": 70
              },
              {
                "color": "red",
                "value": 85
              }
            ]
          }
        },
        "overrides": []
      },
      "gridPos": {
        "h": 4,
        "w": 5,
        "x": 0,
        "y": 0
      },
      "id": 4,
      "options": {
        "minVizHeight": 75,
        "minVizWidth": 75,
        "orientation": "auto",
        "reduceOptions": {
          "calcs": [
            "lastNotNull"
          ],
          "fields": "",
          "values": false
        },
        "showThresholdLabels": false,
        "showThresholdMarkers": true,
        "sizing": "auto"
      },
      "pluginVersion": "12.2.0",
      "targets": [
        {
          "connectionArgs": {
            "catalog": "__default",
            "database": "__default",
            "region": "__default",
            "resultReuseEnabled": false,
            "resultReuseMaxAgeInMinutes": 60
          },
          "format": 1,
          "rawSQL": "SELECT\r\n  -- Soma dos seus assentos, multiplica por 100, e divide pelo total de assentos de todas as empresas\r\n  (SUM(CASE WHEN \"empresa aerea\" = 'LATAM AIRLINES (TAM)' THEN \"numero de assentos\" ELSE 0 END) * 100.0) / SUM(\"numero de assentos\")\r\nFROM\r\n  voos",
          "refId": "A"
        }
      ],
      "title": "Market Share (Assentos)",
      "type": "gauge"
    },
    {
      "datasource": {
        "type": "grafana-athena-datasource",
        "uid": "bezcibnaz1lvkf"
      },
      "fieldConfig": {
        "defaults": {
          "mappings": [],
          "thresholds": {
            "mode": "percentage",
            "steps": [
              {
                "color": "green",
                "value": 0
              },
              {
                "color": "orange",
                "value": 70
              },
              {
                "color": "red",
                "value": 85
              }
            ]
          }
        },
        "overrides": []
      },
      "gridPos": {
        "h": 4,
        "w": 4,
        "x": 5,
        "y": 0
      },
      "id": 3,
      "options": {
        "minVizHeight": 75,
        "minVizWidth": 75,
        "orientation": "auto",
        "reduceOptions": {
          "calcs": [
            "lastNotNull"
          ],
          "fields": "",
          "values": false
        },
        "showThresholdLabels": false,
        "showThresholdMarkers": true,
        "sizing": "auto"
      },
      "pluginVersion": "12.2.0",
      "targets": [
        {
          "connectionArgs": {
            "catalog": "__default",
            "database": "__default",
            "region": "__default",
            "resultReuseEnabled": false,
            "resultReuseMaxAgeInMinutes": 60
          },
          "format": 1,
          "rawSQL": "SELECT\r\n  -- Coloque o nome da sua empresa aqui dentro das aspas simples\r\n  (COUNT(CASE WHEN \"empresa aerea\" = 'LATAM AIRLINES (TAM)' THEN 1 END) * 100.0) / COUNT(\"numero voo\")\r\nFROM\r\n  voos",
          "refId": "A"
        }
      ],
      "title": "Market Share (Voos)",
      "type": "gauge"
    },
    {
      "datasource": {
        "type": "grafana-athena-datasource",
        "uid": "bezcibnaz1lvkf"
      },
      "fieldConfig": {
        "defaults": {
          "mappings": [],
          "thresholds": {
            "mode": "percentage",
            "steps": [
              {
                "color": "green",
                "value": 0
              },
              {
                "color": "orange",
                "value": 70
              },
              {
                "color": "red",
                "value": 85
              }
            ]
          }
        },
        "overrides": []
      },
      "gridPos": {
        "h": 4,
        "w": 5,
        "x": 9,
        "y": 0
      },
      "id": 5,
      "options": {
        "minVizHeight": 75,
        "minVizWidth": 75,
        "orientation": "auto",
        "reduceOptions": {
          "calcs": [
            "lastNotNull"
          ],
          "fields": "",
          "values": false
        },
        "showThresholdLabels": false,
        "showThresholdMarkers": true,
        "sizing": "auto"
      },
      "pluginVersion": "12.2.0",
      "targets": [
        {
          "connectionArgs": {
            "catalog": "__default",
            "database": "__default",
            "region": "__default",
            "resultReuseEnabled": false,
            "resultReuseMaxAgeInMinutes": 60
          },
          "format": 1,
          "rawSQL": "SELECT\r\n  -- Conta voos que NÃO foram cancelados, multiplica por 100, e divide pelo total de voos da sua empresa\r\n  (COUNT(CASE WHEN \"situacao voo\" != 'CANCELADO' THEN 1 END) * 100.0) / COUNT(*)\r\nFROM\r\n  voos\r\nWHERE\r\n  \"empresa aerea\" = 'LATAM AIRLINES (TAM)'",
          "refId": "A"
        }
      ],
      "title": "Taxa de Realização de Voos",
      "type": "gauge"
    },
    {
      "datasource": {
        "type": "grafana-athena-datasource",
        "uid": "bezcibnaz1lvkf"
      },
      "fieldConfig": {
        "defaults": {
          "color": {
            "mode": "palette-classic"
          },
          "custom": {
            "axisBorderShow": false,
            "axisCenteredZero": false,
            "axisColorMode": "text",
            "axisLabel": "",
            "axisPlacement": "auto",
            "fillOpacity": 80,
            "gradientMode": "none",
            "hideFrom": {
              "legend": false,
              "tooltip": false,
              "viz": false
            },
            "lineWidth": 1,
            "scaleDistribution": {
              "type": "linear"
            },
            "thresholdsStyle": {
              "mode": "off"
            }
          },
          "fieldMinMax": false,
          "mappings": [],
          "thresholds": {
            "mode": "absolute",
            "steps": [
              {
                "color": "green",
                "value": 0
              },
              {
                "color": "red",
                "value": 80
              }
            ]
          },
          "unit": "short"
        },
        "overrides": [
          {
            "__systemRef": "hideSeriesFrom",
            "matcher": {
              "id": "byNames",
              "options": {
                "mode": "exclude",
                "names": [
                  "Capacidade Média"
                ],
                "prefix": "All except:",
                "readOnly": true
              }
            },
            "properties": [
              {
                "id": "custom.hideFrom",
                "value": {
                  "legend": false,
                  "tooltip": true,
                  "viz": true
                }
              }
            ]
          }
        ]
      },
      "gridPos": {
        "h": 5,
        "w": 10,
        "x": 14,
        "y": 0
      },
      "id": 2,
      "options": {
        "barRadius": 0,
        "barWidth": 0.92,
        "fullHighlight": false,
        "groupWidth": 0.7,
        "legend": {
          "calcs": [],
          "displayMode": "list",
          "placement": "right",
          "showLegend": false
        },
        "orientation": "horizontal",
        "showValue": "never",
        "stacking": "none",
        "tooltip": {
          "hideZeros": false,
          "mode": "single",
          "sort": "none"
        },
        "xTickLabelRotation": 0,
        "xTickLabelSpacing": 0
      },
      "pluginVersion": "12.2.0",
      "targets": [
        {
          "connectionArgs": {
            "catalog": "__default",
            "database": "__default",
            "region": "__default",
            "resultReuseEnabled": false,
            "resultReuseMaxAgeInMinutes": 60
          },
          "format": 1,
          "rawSQL": "SELECT\r\n  \"empresa aerea\" AS metrica,\r\n  AVG(\"numero de assentos\") AS \"Capacidade Média\"\r\nFROM \r\n  voos\r\nGROUP BY \r\n  \"empresa aerea\"\r\nORDER BY \r\n  \"Capacidade Média\" DESC",
          "refId": "A"
        }
      ],
      "title": "Capacidade dos aviões de cada empresa",
      "type": "barchart"
    },
    {
      "datasource": {
        "type": "grafana-athena-datasource",
        "uid": "bezcibnaz1lvkf"
      },
      "fieldConfig": {
        "defaults": {
          "color": {
            "mode": "continuous-GrYlRd"
          },
          "mappings": [],
          "thresholds": {
            "mode": "absolute",
            "steps": [
              {
                "color": "green",
                "value": 0
              },
              {
                "color": "red",
                "value": 80
              }
            ]
          }
        },
        "overrides": []
      },
      "gridPos": {
        "h": 5,
        "w": 12,
        "x": 0,
        "y": 4
      },
      "id": 6,
      "options": {
        "displayMode": "basic",
        "legend": {
          "calcs": [],
          "displayMode": "list",
          "placement": "bottom",
          "showLegend": false
        },
        "maxVizHeight": 300,
        "minVizHeight": 16,
        "minVizWidth": 8,
        "namePlacement": "auto",
        "orientation": "horizontal",
        "reduceOptions": {
          "calcs": [],
          "fields": "",
          "values": true
        },
        "showUnfilled": true,
        "sizing": "auto",
        "valueMode": "color"
      },
      "pluginVersion": "12.2.0",
      "targets": [
        {
          "connectionArgs": {
            "catalog": "__default",
            "database": "__default",
            "region": "__default",
            "resultReuseEnabled": false,
            "resultReuseMaxAgeInMinutes": 60
          },
          "format": 1,
          "rawSQL": "SELECT\r\n  \"empresa aerea\",\r\n  AVG(aqo) AS \"Media_AQO\"\r\nFROM\r\n  voos\r\nGROUP BY\r\n  \"empresa aerea\"\r\nORDER BY\r\n  \"Media_AQO\" DESC",
          "refId": "A"
        }
      ],
      "title": "AQO por Empresa",
      "type": "bargauge"
    },
    {
      "datasource": {
        "type": "grafana-athena-datasource",
        "uid": "bezcibnaz1lvkf"
      },
      "description": " empresas concorrentes em cada intervalo de horário, cluster temporal definido para cada 2 horas",
      "fieldConfig": {
        "defaults": {
          "color": {
            "mode": "palette-classic"
          },
          "custom": {
            "axisBorderShow": false,
            "axisCenteredZero": false,
            "axisColorMode": "text",
            "axisLabel": "",
            "axisPlacement": "auto",
            "fillOpacity": 50,
            "hideFrom": {
              "legend": false,
              "tooltip": false,
              "viz": false
            },
            "pointShape": "circle",
            "pointSize": {
              "fixed": 5
            },
            "pointStrokeWidth": 1,
            "scaleDistribution": {
              "type": "linear"
            },
            "show": "lines"
          },
          "mappings": [],
          "thresholds": {
            "mode": "absolute",
            "steps": [
              {
                "color": "green",
                "value": 0
              },
              {
                "color": "red",
                "value": 80
              }
            ]
          },
          "unit": "short"
        },
        "overrides": []
      },
      "gridPos": {
        "h": 11,
        "w": 12,
        "x": 12,
        "y": 5
      },
      "id": 1,
      "options": {
        "legend": {
          "calcs": [],
          "displayMode": "list",
          "placement": "bottom",
          "showLegend": true
        },
        "mapping": "auto",
        "series": [
          {}
        ],
        "tooltip": {
          "hideZeros": false,
          "mode": "single",
          "sort": "none"
        }
      },
      "pluginVersion": "12.2.0",
      "targets": [
        {
          "connectionArgs": {
            "catalog": "__default",
            "database": "__default",
            "region": "__default",
            "resultReuseEnabled": false,
            "resultReuseMaxAgeInMinutes": 60
          },
          "datasource": {
            "type": "grafana-athena-datasource",
            "uid": "bezcibnaz1lvkf"
          },
          "format": 1,
          "rawSQL": "Select * from datamart01;",
          "refId": "A"
        }
      ],
      "title": "Empresas Concorrentes",
      "transformations": [
        {
          "id": "partitionByValues",
          "options": {
            "fields": [
              "empresa aerea"
            ],
            "keepFields": false
          }
        }
      ],
      "type": "xychart"
    },
    {
      "datasource": {
        "type": "grafana-athena-datasource",
        "uid": "bezcibnaz1lvkf"
      },
      "fieldConfig": {
        "defaults": {
          "color": {
            "mode": "palette-classic"
          },
          "custom": {
            "axisBorderShow": false,
            "axisCenteredZero": false,
            "axisColorMode": "text",
            "axisLabel": "",
            "axisPlacement": "auto",
            "fillOpacity": 50,
            "hideFrom": {
              "legend": false,
              "tooltip": false,
              "viz": false
            },
            "pointShape": "circle",
            "pointSize": {
              "fixed": 5
            },
            "pointStrokeWidth": 1,
            "scaleDistribution": {
              "type": "linear"
            },
            "show": "points+lines"
          },
          "mappings": [],
          "thresholds": {
            "mode": "absolute",
            "steps": [
              {
                "color": "green",
                "value": 0
              },
              {
                "color": "red",
                "value": 80
              }
            ]
          }
        },
        "overrides": []
      },
      "gridPos": {
        "h": 8,
        "w": 12,
        "x": 0,
        "y": 9
      },
      "id": 7,
      "options": {
        "legend": {
          "calcs": [],
          "displayMode": "list",
          "placement": "bottom",
          "showLegend": true
        },
        "mapping": "auto",
        "series": [
          {}
        ],
        "tooltip": {
          "hideZeros": false,
          "mode": "single",
          "sort": "none"
        }
      },
      "pluginVersion": "12.2.0",
      "targets": [
        {
          "connectionArgs": {
            "catalog": "__default",
            "database": "__default",
            "region": "__default",
            "resultReuseEnabled": false,
            "resultReuseMaxAgeInMinutes": 60
          },
          "format": 1,
          "rawSQL": "select * from datamart02 ;",
          "refId": "A"
        }
      ],
      "title": "Variação da Oferta de Assentos",
      "transformations": [
        {
          "id": "partitionByValues",
          "options": {
            "fields": [
              "empresa aerea"
            ],
            "keepFields": false
          }
        }
      ],
      "type": "xychart"
    }
  ],
  "preload": false,
  "schemaVersion": 42,
  "tags": [],
  "templating": {
    "list": [
      {
        "current": {
          "text": "",
          "value": ""
        },
        "definition": "",
        "includeAll": true,
        "label": "Cluster de Horários",
        "multi": true,
        "name": "cluster_filtro",
        "options": [],
        "query": {
          "connectionArgs": {
            "catalog": "__default",
            "database": "__default",
            "region": "__default",
            "resultReuseEnabled": false,
            "resultReuseMaxAgeInMinutes": 60
          },
          "format": 1,
          "rawSQL": "SELECT DISTINCT cluster_hora FROM voos ORDER BY cluster_hora"
        },
        "refresh": 1,
        "regex": "",
        "type": "query"
      }
    ]
  },
  "time": {
    "from": "2025-09-28T21:52:29.211Z",
    "to": "2025-09-29T21:52:29.211Z"
  },
  "timepicker": {},
  "timezone": "browser",
  "title": "AnaliseDeVoos Copy",
  "uid": "adk2qhb",
  "version": 7
}